edge_id,sheet,edge_type,node_u,node_v,row_u,row_v,electrode,particle_u,particle_v,particle_id,component_status,gap_lower_nm,gap_upper_nm,gap_estimate_nm,classification,threshold_relation,method,capsule_lower_bound_nm,gjk_iterations,gjk_converged,slsqp_check_gap_nm,slsqp_abs_difference_nm,slsqp_same_threshold_class,crossing_axes,shift_x,shift_y,shift_z,mapped_endpoint_residual_nm,enabled
组1:PAIR:r3:r6,组1,cylinder_contact,r3,r6,3,6,,,,,,0.0,2.170009413277917e-10,0.0,connected,gap<=1.8,capsule_then_flat_cylinder_gjk,0.0,5,True,3.1776437161565096e-14,3.1776437161565096e-14,True,,,,,,
组1:PAIR:r11:r12,组1,cylinder_contact,r11,r12,11,12,,,,,,0.0,2.0966613025182378e-10,0.0,connected,gap<=1.8,capsule_then_flat_cylinder_gjk,0.0,4,True,3.4107901638000697e-13,3.4107901638000697e-13,True,,,,,,
组2:PAIR:r4:r13,组2,cylinder_contact,r4,r13,4,13,,,,,,0.0,1.9903950043506905e-10,0.0,connected,gap<=1.8,capsule_then_flat_cylinder_gjk,0.0,5,True,2.308990589380062e-13,2.308990589380062e-13,True,,,,,,
组2:PAIR:r4:r14,组2,cylinder_contact,r4,r14,4,14,,,,,,0.0,1.6746695940092656e-10,0.0,connected,gap<=1.8,capsule_then_flat_cylinder_gjk,0.0,6,True,5.453474041662791e-10,5.453474041662791e-10,True,,,,,,
组2:PAIR:r5:r8,组2,cylinder_contact,r5,r8,5,8,,,,,,0.0,2.330633945603017e-10,0.0,connected,gap<=1.8,capsule_then_flat_cylinder_gjk,0.0,4,True,1.1588601317882371e-13,1.1588601317882371e-13,True,,,,,,
组2:PAIR:r5:r18,组2,cylinder_contact,r5,r18,5,18,,,,,,0.0,2.3804978668550276e-10,0.0,connected,gap<=1.8,capsule_then_flat_cylinder_gjk,0.0,5,True,9.099386826154683e-13,9.099386826154683e-13,True,,,,,,
组2:PAIR:r6:r7,组2,cylinder_contact,r6,r7,6,7,,,,,,0.0,2.0068569593554382e-10,0.0,connected,gap<=1.8,capsule_then_flat_cylinder_gjk,0.0,5,True,2.2914314707516465e-13,2.2914314707516465e-13,True,,,,,,
组2:PAIR:r13:r14,组2,cylinder_contact,r13,r14,13,14,,,,,,0.0,1.985972445629906e-10,0.0,connected,gap<=1.8,capsule_then_flat_cylinder_gjk,0.0,4,True,1.2789769243681803e-12,1.2789769243681803e-12,True,,,,,,
组2:PAIR:r14:r26,组2,cylinder_contact,r14,r26,14,26,,,,,,0.0,1.4410931306146347e-10,0.0,connected,gap<=1.8,capsule_then_flat_cylinder_gjk,0.0,4,True,5.123796534383003e-14,5.123796534383003e-14,True,,,,,,
组2:PAIR:r16:r17,组2,cylinder_contact,r16,r17,16,17,,,,,,0.0,1.4325883993482166e-10,0.0,connected,gap<=1.8,capsule_then_flat_cylinder_gjk,0.0,5,True,4.556346636343676e-13,4.556346636343676e-13,True,,,,,,
组2:PAIR:r16:r19,组2,cylinder_contact,r16,r19,16,19,,,,,,0.0,1.7265948717538152e-10,0.0,connected,gap<=1.8,capsule_then_flat_cylinder_gjk,0.0,7,True,4.565202517656249e-13,4.565202517656249e-13,True,,,,,,
组2:PAIR:r16:r36,组2,cylinder_contact,r16,r36,16,36,,,,,,0.0,1.465584092043925e-10,0.0,connected,gap<=1.8,capsule_then_flat_cylinder_gjk,0.0,5,True,9.094947017729282e-13,9.094947017729282e-13,True,,,,,,
组2:PAIR:r20:r32,组2,cylinder_contact,r20,r32,20,32,,,,,,0.0,1.4230730689125853e-10,0.0,connected,gap<=1.8,capsule_then_flat_cylinder_gjk,0.0,6,True,6.511650267020756e-13,6.511650267020756e-13,True,,,,,,
组2:PAIR:r21:r23,组2,cylinder_contact,r21,r23,21,23,,,,,,0.0,1.4235358045374003e-10,0.0,connected,gap<=1.8,capsule_then_flat_cylinder_gjk,0.0,5,True,1.2445774151355083e-11,1.2445774151355083e-11,True,,,,,,
组2:PAIR:r25:r31,组2,cylinder_contact,r25,r31,25,31,,,,,,0.0,1.4280326400349035e-10,0.0,connected,gap<=1.8,capsule_then_flat_cylinder_gjk,0.0,5,True,1.4210854715202004e-14,1.4210854715202004e-14,True,,,,,,
组2:PAIR:r25:r32,组2,cylinder_contact,r25,r32,25,32,,,,,,0.0,9.947931235031256e-11,0.0,connected,gap<=1.8,capsule_then_flat_cylinder_gjk,0.0,6,True,1.5208828249434925e-11,1.5208828249434925e-11,True,,,,,,
组2:PAIR:r25:r37,组2,cylinder_contact,r25,r37,25,37,,,,,,0.0,9.904567094827735e-11,0.0,connected,gap<=1.8,capsule_then_flat_cylinder_gjk,0.0,5,True,5.239944532003689e-10,5.239944532003689e-10,True,,,,,,
组2:PAIR:r26:r41,组2,cylinder_contact,r26,r41,26,41,,,,,,0.0,1.9722499377516499e-10,0.0,connected,gap<=1.8,capsule_then_flat_cylinder_gjk,0.0,5,True,1.0064104835181445e-11,1.0064104835181445e-11,True,,,,,,
组2:PAIR:r28:r35,组2,cylinder_contact,r28,r35,28,35,,,,,,0.0,1.432574219475372e-10,0.0,connected,gap<=1.8,capsule_then_flat_cylinder_gjk,0.0,4,True,6.821210263296962e-13,6.821210263296962e-13,True,,,,,,
组2:PAIR:r28:r38,组2,cylinder_contact,r28,r38,28,38,,,,,,0.0,1.4952253745703913e-10,0.0,connected,gap<=1.8,capsule_then_flat_cylinder_gjk,0.0,5,True,4.591976915943464e-13,4.591976915943464e-13,True,,,,,,
组2:PAIR:r29:r40,组2,cylinder_contact,r29,r40,29,40,,,,,,0.0,1.8744045431155152e-10,0.0,connected,gap<=1.8,capsule_then_flat_cylinder_gjk,0.0,5,True,2.2772866968819164e-12,2.2772866968819164e-12,True,,,,,,
组2:PAIR:r35:r36,组2,cylinder_contact,r35,r36,35,36,,,,,,0.0,1.465569929785847e-10,0.0,connected,gap<=1.8,capsule_then_flat_cylinder_gjk,0.0,4,True,3.4883596115620364e-13,3.4883596115620364e-13,True,,,,,,
组2:PAIR:r35:r40,组2,cylinder_contact,r35,r40,35,40,,,,,,0.0,1.8789581188243867e-10,0.0,connected,gap<=1.8,capsule_then_flat_cylinder_gjk,0.0,5,True,2.4116620165382783e-13,2.4116620165382783e-13,True,,,,,,
组2:PAIR:r36:r38,组2,cylinder_contact,r36,r38,36,38,,,,,,0.0,1.4861302138440174e-10,0.0,connected,gap<=1.8,capsule_then_flat_cylinder_gjk,0.0,5,True,1.1457157353758233e-13,1.1457157353758233e-13,True,,,,,,
组2:PAIR:r36:r45,组2,cylinder_contact,r36,r45,36,45,,,,,,0.0,2.2365437269505664e-10,0.0,connected,gap<=1.8,capsule_then_flat_cylinder_gjk,0.0,6,True,1.8225386545374702e-12,1.8225386545374702e-12,True,,,,,,
组2:PAIR:r42:r43,组2,cylinder_contact,r42,r43,42,43,,,,,,0.0,1.8988458294165568e-10,0.0,connected,gap<=1.8,capsule_then_flat_cylinder_gjk,0.0,5,True,4.81737533526774e-10,4.81737533526774e-10,True,,,,,,
组2:PAIR:r43:r46,组2,cylinder_contact,r43,r46,43,46,,,,,,0.0,2.3017602272136758e-10,0.0,connected,gap<=1.8,capsule_then_flat_cylinder_gjk,0.0,5,True,1.180442248897588e-13,1.180442248897588e-13,True,,,,,,
组2:PAIR:r46:r50,组2,cylinder_contact,r46,r50,46,50,,,,,,0.0,2.564586093539256e-10,0.0,connected,gap<=1.8,capsule_then_flat_cylinder_gjk,0.0,4,True,2.929642751054232e-14,2.929642751054232e-14,True,,,,,,
组2:PAIR:r47:r48,组2,cylinder_contact,r47,r48,47,48,,,,,,0.0,2.3037343521226605e-10,0.0,connected,gap<=1.8,capsule_then_flat_cylinder_gjk,0.0,5,True,1.0537414738097338e-07,1.0537414738097338e-07,True,,,,,,
组3:PAIR:r3:r236,组3,cylinder_contact,r3,r236,3,236,,,,,,0.0,3.6322330679598313e-10,0.0,connected,gap<=1.8,capsule_then_flat_cylinder_gjk,0.0,4,True,7.190186943645083e-13,7.190186943645083e-13,True,,,,,,
组3:PAIR:r4:r13,组3,cylinder_contact,r4,r13,4,13,,,,,,0.0,3.90169657312094e-10,0.0,connected,gap<=1.8,capsule_then_flat_cylinder_gjk,0.0,5,True,1.1382885756177522e-12,1.1382885756177522e-12,True,,,,,,
组3:PAIR:r4:r109,组3,cylinder_contact,r4,r109,4,109,,,,,,0.0,3.7520979693301093e-10,0.0,connected,gap<=1.8,capsule_then_flat_cylinder_gjk,0.0,5,True,6.834519954515513e-13,6.834519954515513e-13,True,,,,,,
组3:PAIR:r4:r137,组3,cylinder_contact,r4,r137,4,137,,,,,,0.0,3.799100440450146e-10,0.0,connected,gap<=1.8,capsule_then_flat_cylinder_gjk,0.0,5,True,6.355287432313019e-14,6.355287432313019e-14,True,,,,,,
组3:PAIR:r8:r108,组3,cylinder_contact,r8,r108,8,108,,,,,,0.0,3.6284535569869344e-10,0.0,connected,gap<=1.8,capsule_then_flat_cylinder_gjk,0.0,6,True,5.084229945850414e-13,5.084229945850414e-13,True,,,,,,
组3:PAIR:r12:r96,组3,cylinder_contact,r12,r96,12,96,,,,,,0.0,2.8160729015200255e-10,0.0,connected,gap<=1.8,capsule_then_flat_cylinder_gjk,0.0,5,True,2.04715241868247e-12,2.04715241868247e-12,True,,,,,,
组3:PAIR:r12:r99,组3,cylinder_contact,r12,r99,12,99,,,,,,0.0,3.03367651678625e-10,0.0,connected,gap<=1.8,capsule_then_flat_cylinder_gjk,0.0,5,True,1.017739309065398e-12,1.017739309065398e-12,True,,,,,,
组3:PAIR:r15:r96,组3,cylinder_contact,r15,r96,15,96,,,,,,0.0,3.0598201795062774e-10,0.0,connected,gap<=1.8,capsule_then_flat_cylinder_gjk,0.0,5,True,9.443537991180705e-13,9.443537991180705e-13,True,,,,,,
组3:PAIR:r15:r108,组3,cylinder_contact,r15,r108,15,108,,,,,,0.0,3.0620939162607097e-10,0.0,connected,gap<=1.8,capsule_then_flat_cylinder_gjk,0.0,4,True,1.2710574864626036e-13,1.2710574864626036e-13,True,,,,,,
组3:PAIR:r15:r283,组3,cylinder_contact,r15,r283,15,283,,,,,,0.0,3.066251278217046e-10,0.0,connected,gap<=1.8,capsule_then_flat_cylinder_gjk,0.0,5,True,1.1368683772161603e-12,1.1368683772161603e-12,True,,,,,,
组3:PAIR:r16:r108,组3,cylinder_contact,r16,r108,16,108,,,,,,0.0,3.048256077220258e-10,0.0,connected,gap<=1.8,capsule_then_flat_cylinder_gjk,0.0,4,True,1.1718571004216928e-13,1.1718571004216928e-13,True,,,,,,
组3:PAIR:r18:r145,组3,cylinder_contact,r18,r145,18,145,,,,,,0.6514112041151494,0.6514112065906044,0.6514112053528769,connected,gap<=1.8,capsule_then_flat_cylinder_gjk,0.6514112062508914,11,False,0.6514112062509814,8.981044796740889e-10,True,,,,,,
组3:PAIR:r23:r38,组3,cylinder_contact,r23,r38,23,38,,,,,,0.0,2.4855373990347826e-10,0.0,connected,gap<=1.8,capsule_then_flat_cylinder_gjk,0.0,5,True,1.5127480943155456e-10,1.5127480943155456e-10,True,,,,,,
组3:PAIR:r25:r121,组3,cylinder_contact,r25,r121,25,121,,,,,,0.0,3.393595527323306e-10,0.0,connected,gap<=1.8,capsule_then_flat_cylinder_gjk,0.0,5,True,1.0419570787589327e-12,1.0419570787589327e-12,True,,,,,,
组3:PAIR:r31:r158,组3,cylinder_contact,r31,r158,31,158,,,,,,0.0,3.0671241188708456e-10,0.0,connected,gap<=1.8,capsule_then_flat_cylinder_gjk,0.0,6,True,4.823324033076557e-13,4.823324033076557e-13,True,,,,,,
组3:PAIR:r33:r34,组3,cylinder_contact,r33,r34,33,34,,,,,,0.0,3.000663225375869e-10,0.0,connected,gap<=1.8,capsule_then_flat_cylinder_gjk,0.0,5,True,5.796914039811764e-13,5.796914039811764e-13,True,,,,,,
组3:PAIR:r34:r209,组3,cylinder_contact,r34,r209,34,209,,,,,,0.0,2.7979659812699566e-10,0.0,connected,gap<=1.8,capsule_then_flat_cylinder_gjk,0.0,5,True,4.582862941503293e-13,4.582862941503293e-13,True,,,,,,
组3:PAIR:r35:r140,组3,cylinder_contact,r35,r140,35,140,,,,,,0.0,2.862808523211742e-10,0.0,connected,gap<=1.8,capsule_then_flat_cylinder_gjk,0.0,5,True,6.915300366811403e-13,6.915300366811403e-13,True,,,,,,
组3:PAIR:r48:r116,组3,cylinder_contact,r48,r116,48,116,,,,,,0.0,2.799068332862582e-10,0.0,connected,gap<=1.8,capsule_then_flat_cylinder_gjk,0.0,4,True,7.391010753932416e-13,7.391010753932416e-13,True,,,,,,
组3:PAIR:r52:r133,组3,cylinder_contact,r52,r133,52,133,,,,,,0.0,2.4774567740756874e-10,0.0,connected,gap<=1.8,capsule_then_flat_cylinder_gjk,0.0,6,True,6.938623537128991e-13,6.938623537128991e-13,True,,,,,,
组3:PAIR:r59:r157,组3,cylinder_contact,r59,r157,59,157,,,,,,0.0,2.1796710533608894e-10,0.0,connected,gap<=1.8,capsule_then_flat_cylinder_gjk,0.0,6,True,1.2247745318299647e-12,1.2247745318299647e-12,True,,,,,,
组3:PAIR:r65:r266,组3,cylinder_contact,r65,r266,65,266,,,,,,0.0,2.5748551376950306e-10,0.0,connected,gap<=1.8,capsule_then_flat_cylinder_gjk,0.0,6,True,6.302189627392726e-12,6.302189627392726e-12,True,,,,,,
组3:PAIR:r67:r124,组3,cylinder_contact,r67,r124,67,124,,,,,,0.0,2.539438146939201e-10,0.0,connected,gap<=1.8,capsule_then_flat_cylinder_gjk,0.0,4,True,2.2914314707516465e-13,2.2914314707516465e-13,True,,,,,,
组3:PAIR:r69:r98,组3,cylinder_contact,r69,r98,69,98,,,,,,0.0,3.727464924304451e-10,0.0,connected,gap<=1.8,capsule_then_flat_cylinder_gjk,0.0,5,True,8.198074455012805e-13,8.198074455012805e-13,True,,,,,,
组3:PAIR:r74:r185,组3,cylinder_contact,r74,r185,74,185,,,,,,0.0,2.498241530057477e-10,0.0,connected,gap<=1.8,capsule_then_flat_cylinder_gjk,0.0,5,True,7.008127344043915e-13,7.008127344043915e-13,True,,,,,,
组3:PAIR:r78:r102,组3,cylinder_contact,r78,r102,78,102,,,,,,0.0,3.53030638843674e-10,0.0,connected,gap<=1.8,capsule_then_flat_cylinder_gjk,0.0,5,True,1.159382807962353e-12,1.159382807962353e-12,True,,,,,,
组3:PAIR:r79:r207,组3,cylinder_contact,r79,r207,79,207,,,,,,0.0,2.3270556671151603e-10,0.0,connected,gap<=1.8,capsule_then_flat_cylinder_gjk,0.0,6,True,2.3437142008433857e-12,2.3437142008433857e-12,True,,,,,,
组3:PAIR:r81:r124,组3,cylinder_contact,r81,r124,81,124,,,,,,0.7906647803569417,0.7906647822915408,0.7906647813242412,connected,gap<=1.8,capsule_then_flat_cylinder_gjk,0.790664782001393,512,False,0.7906647821141453,7.89904031073263e-10,True,,,,,,
组3:PAIR:r81:r183,组3,cylinder_contact,r81,r183,81,183,,,,,,0.0,2.616565840640127e-10,0.0,connected,gap<=1.8,capsule_then_flat_cylinder_gjk,0.0,4,True,2.2737367544323206e-13,2.2737367544323206e-13,True,,,,,,
组3:PAIR:r94:r119,组3,cylinder_contact,r94,r119,94,119,,,,,,0.0,3.302665447437366e-10,0.0,connected,gap<=1.8,capsule_then_flat_cylinder_gjk,0.0,6,True,2.451526899318176e-12,2.451526899318176e-12,True,,,,,,
组3:PAIR:r94:r123,组3,cylinder_contact,r94,r123,94,123,,,,,,0.0,3.2882528589770684e-10,0.0,connected,gap<=1.8,capsule_then_flat_cylinder_gjk,0.0,5,True,9.646648066153115e-13,9.646648066153115e-13,True,,,,,,
组3:PAIR:r94:r134,组3,cylinder_contact,r94,r134,94,134,,,,,,0.0,3.2956469432373986e-10,0.0,connected,gap<=1.8,capsule_then_flat_cylinder_gjk,0.0,5,True,9.374856803373542e-13,9.374856803373542e-13,True,,,,,,
组3:PAIR:r96:r130,组3,cylinder_contact,r96,r130,96,130,,,,,,0.0,2.6993469433224526e-10,0.0,connected,gap<=1.8,capsule_then_flat_cylinder_gjk,0.0,6,True,1.2710574864626038e-13,1.2710574864626038e-13,True,,,,,,
组3:PAIR:r96:r183,组3,cylinder_contact,r96,r183,96,183,,,,,,0.0,2.6963183832887953e-10,0.0,connected,gap<=1.8,capsule_then_flat_cylinder_gjk,0.0,5,True,4.856703836433968e-13,4.856703836433968e-13,True,,,,,,
组3:PAIR:r97:r111,组3,cylinder_contact,r97,r111,97,111,,,,,,0.0,2.938845067991935e-10,0.0,connected,gap<=1.8,capsule_then_flat_cylinder_gjk,0.0,5,True,1.8082998531766482e-12,1.8082998531766482e-12,True,,,,,,
组3:PAIR:r97:r128,组3,cylinder_contact,r97,r128,97,128,,,,,,0.0,1.482323026214072e-10,0.0,connected,gap<=1.8,capsule_then_flat_cylinder_gjk,0.0,5,True,6.514960105912179e-12,6.514960105912179e-12,True,,,,,,
组3:PAIR:r99:r192,组3,cylinder_contact,r99,r192,99,192,,,,,,0.0,3.027245418075481e-10,0.0,connected,gap<=1.8,capsule_then_flat_cylinder_gjk,0.0,5,True,9.205299841540664e-13,9.205299841540664e-13,True,,,,,,
组3:PAIR:r103:r276,组3,cylinder_contact,r103,r276,103,276,,,,,,0.0,1.6091376243116133e-10,0.0,connected,gap<=1.8,capsule_then_flat_cylinder_gjk,0.0,5,True,7.190186943645083e-13,7.190186943645083e-13,True,,,,,,
组3:PAIR:r105:r251,组3,cylinder_contact,r105,r251,105,251,,,,,,0.0,2.01853438646169e-10,0.0,connected,gap<=1.8,capsule_then_flat_cylinder_gjk,0.0,5,True,5.209785393794664e-13,5.209785393794664e-13,True,,,,,,
组3:PAIR:r107:r217,组3,cylinder_contact,r107,r217,107,217,,,,,,0.0,3.9632085429811566e-10,0.0,connected,gap<=1.8,capsule_then_flat_cylinder_gjk,0.0,4,True,1.1390866590859189e-12,1.1390866590859189e-12,True,,,,,,
组3:PAIR:r110:r130,组3,cylinder_contact,r110,r130,110,130,,,,,,0.6696380953875114,0.669638101433795,0.6696380984106531,connected,gap<=1.8,capsule_then_flat_cylinder_gjk,0.6696381011183306,512,False,0.6696381011735096,2.762856499138877e-09,True,,,,,,
组3:PAIR:r111:r115,组3,cylinder_contact,r111,r115,111,115,,,,,,0.0,2.942220207452614e-10,0.0,connected,gap<=1.8,capsule_then_flat_cylinder_gjk,0.0,4,True,6.233367514443361e-13,6.233367514443361e-13,True,,,,,,
组3:PAIR:r112:r134,组3,cylinder_contact,r112,r134,112,134,,,,,,0.0,3.56241475281761e-10,0.0,connected,gap<=1.8,capsule_then_flat_cylinder_gjk,0.0,4,True,7.36774916095767e-13,7.36774916095767e-13,True,,,,,,
组3:PAIR:r117:r137,组3,cylinder_contact,r117,r137,117,137,,,,,,0.0,3.794552966941281e-10,0.0,connected,gap<=1.8,capsule_then_flat_cylinder_gjk,0.0,5,True,4.2537719614005497e-13,4.2537719614005497e-13,True,,,,,,
组3:PAIR:r119:r166,组3,cylinder_contact,r119,r166,119,166,,,,,,0.0,2.0660564259779076e-10,0.0,connected,gap<=1.8,capsule_then_flat_cylinder_gjk,0.0,4,True,8.098342059535243e-12,8.098342059535243e-12,True,,,,,,
组3:PAIR:r119:r186,组3,cylinder_contact,r119,r186,119,186,,,,,,0.0,2.0709537867188277e-10,0.0,connected,gap<=1.8,capsule_then_flat_cylinder_gjk,0.0,6,True,9.379164112033322e-13,9.379164112033322e-13,True,,,,,,
组3:PAIR:r120:r140,组3,cylinder_contact,r120,r140,120,140,,,,,,0.0,2.967317202477125e-10,0.0,connected,gap<=1.8,capsule_then_flat_cylinder_gjk,0.0,4,True,1.1368683772161602e-13,1.1368683772161602e-13,True,,,,,,
组3:PAIR:r121:r125,组3,cylinder_contact,r121,r125,121,125,,,,,,0.0,4.065400081310672e-10,0.0,connected,gap<=1.8,capsule_then_flat_cylinder_gjk,0.0,5,True,1.256998097431732e-12,1.256998097431732e-12,True,,,,,,
组3:PAIR:r123:r130,组3,cylinder_contact,r123,r130,123,130,,,,,,0.0,3.1569363569008337e-10,0.0,connected,gap<=1.8,capsule_then_flat_cylinder_gjk,0.0,6,True,1.567064913625725e-12,1.567064913625725e-12,True,,,,,,
组3:PAIR:r123:r163,组3,cylinder_contact,r123,r163,123,163,,,,,,0.0,3.1559658270769926e-10,0.0,connected,gap<=1.8,capsule_then_flat_cylinder_gjk,0.0,7,True,4.547473508864641e-13,4.547473508864641e-13,True,,,,,,
组3:PAIR:r126:r163,组3,cylinder_contact,r126,r163,126,163,,,,,,0.0,3.681762968831592e-10,0.0,connected,gap<=1.8,capsule_then_flat_cylinder_gjk,0.0,5,True,5.569494857771083e-13,5.569494857771083e-13,True,,,,,,
组3:PAIR:r126:r236,组3,cylinder_contact,r126,r236,126,236,,,,,,0.0,3.6822997252685774e-10,0.0,connected,gap<=1.8,capsule_then_flat_cylinder_gjk,0.0,5,True,1.632702903446565e-13,1.632702903446565e-13,True,,,,,,
组3:PAIR:r133:r158,组3,cylinder_contact,r133,r158,133,158,,,,,,0.0,2.5645532316965793e-10,0.0,connected,gap<=1.8,capsule_then_flat_cylinder_gjk,0.0,4,True,8.987733679556354e-14,8.987733679556354e-14,True,,,,,,
组3:PAIR:r134:r183,组3,cylinder_contact,r134,r183,134,183,,,,,,0.0,2.8170993678570285e-10,0.0,connected,gap<=1.8,capsule_then_flat_cylinder_gjk,0.0,6,True,1.1138989715542167e-12,1.1138989715542167e-12,True,,,,,,
组3:PAIR:r135:r171,组3,cylinder_contact,r135,r171,135,171,,,,,,0.0,3.1397551643780504e-10,0.0,connected,gap<=1.8,capsule_then_flat_cylinder_gjk,0.0,5,True,3.1776437161565096e-14,3.1776437161565096e-14,True,,,,,,
组3:PAIR:r136:r161,组3,cylinder_contact,r136,r161,136,161,,,,,,0.0,3.8791296201352306e-10,0.0,connected,gap<=1.8,capsule_then_flat_cylinder_gjk,0.0,6,True,1.6077746776921858e-13,1.6077746776921858e-13,True,,,,,,
组3:PAIR:r136:r239,组3,cylinder_contact,r136,r239,136,239,,,,,,0.0,3.8750135889124226e-10,0.0,connected,gap<=1.8,capsule_then_flat_cylinder_gjk,0.0,5,True,4.823324033076557e-13,4.823324033076557e-13,True,,,,,,
组3:PAIR:r138:r237,组3,cylinder_contact,r138,r237,138,237,,,,,,0.0,2.38309762302247e-10,0.0,connected,gap<=1.8,capsule_then_flat_cylinder_gjk,0.0,5,True,1.4572883336875599e-12,1.4572883336875599e-12,True,,,,,,
组3:PAIR:r139:r182,组3,cylinder_contact,r139,r182,139,182,,,,,,0.0,1.9621280469889224e-10,0.0,connected,gap<=1.8,capsule_then_flat_cylinder_gjk,0.0,4,True,8.038873388460929e-14,8.038873388460929e-14,True,,,,,,
组3:PAIR:r139:r188,组3,cylinder_contact,r139,r188,139,188,,,,,,0.0,1.974947238150902e-10,0.0,connected,gap<=1.8,capsule_then_flat_cylinder_gjk,0.0,6,True,3.639754730461873e-13,3.639754730461873e-13,True,,,,,,
组3:PAIR:r146:r338,组3,cylinder_contact,r146,r338,146,338,,,,,,0.0,1.9700654241512287e-10,0.0,connected,gap<=1.8,capsule_then_flat_cylinder_gjk,0.0,5,True,4.547473508864641e-13,4.547473508864641e-13,True,,,,,,
组3:PAIR:r148:r162,组3,cylinder_contact,r148,r162,148,162,,,,,,0.0,4.0138241505275145e-10,0.0,connected,gap<=1.8,capsule_then_flat_cylinder_gjk,0.0,5,True,1.1593828079623528e-12,1.1593828079623528e-12,True,,,,,,
组3:PAIR:r156:r251,组3,cylinder_contact,r156,r251,156,251,,,,,,0.0,2.334041866939208e-10,0.0,connected,gap<=1.8,capsule_then_flat_cylinder_gjk,0.0,5,True,1.1368683772161603e-13,1.1368683772161603e-13,True,,,,,,
组3:PAIR:r159:r163,组3,cylinder_contact,r159,r163,159,163,,,,,,0.0,2.976863816857135e-10,0.0,connected,gap<=1.8,capsule_then_flat_cylinder_gjk,0.0,5,True,1.2505552149377761e-12,1.2505552149377761e-12,True,,,,,,
组3:PAIR:r159:r197,组3,cylinder_contact,r159,r197,159,197,,,,,,0.0,2.919374556727555e-10,0.0,connected,gap<=1.8,capsule_then_flat_cylinder_gjk,0.0,4,True,9.812236146964348e-11,9.812236146964348e-11,True,,,,,,
组3:PAIR:r160:r209,组3,cylinder_contact,r160,r209,160,209,,,,,,0.0,2.8550548753148186e-10,0.0,connected,gap<=1.8,capsule_then_flat_cylinder_gjk,0.0,4,True,1.2834101332393602e-13,1.2834101332393602e-13,True,,,,,,
组3:PAIR:r161:r239,组3,cylinder_contact,r161,r239,161,239,,,,,,0.0,3.623870043462374e-10,0.0,connected,gap<=1.8,capsule_then_flat_cylinder_gjk,0.0,7,True,1.140188868083145e-11,1.140188868083145e-11,True,,,,,,
组3:PAIR:r162:r192,组3,cylinder_contact,r162,r192,162,192,,,,,,0.0,3.1407369772378633e-10,0.0,connected,gap<=1.8,capsule_then_flat_cylinder_gjk,0.0,4,True,2.604892696897332e-13,2.604892696897332e-13,True,,,,,,
组3:PAIR:r164:r178,组3,cylinder_contact,r164,r178,164,178,,,,,,0.0,3.258441145259948e-10,0.0,connected,gap<=1.8,capsule_then_flat_cylinder_gjk,0.0,6,True,3.938227581713539e-13,3.938227581713539e-13,True,,,,,,
组3:PAIR:r167:r211,组3,cylinder_contact,r167,r211,167,211,,,,,,0.0,3.349077392926414e-10,0.0,connected,gap<=1.8,capsule_then_flat_cylinder_gjk,0.0,4,True,3.457613971339155e-11,3.457613971339155e-11,True,,,,,,
组3:PAIR:r169:r175,组3,cylinder_contact,r169,r175,169,175,,,,,,0.0,3.680848773732284e-10,0.0,connected,gap<=1.8,capsule_then_flat_cylinder_gjk,0.0,5,True,5.209785393794665e-13,5.209785393794665e-13,True,,,,,,
组3:PAIR:r172:r195,组3,cylinder_contact,r172,r195,172,195,,,,,,0.0,2.61479058754282e-10,0.0,connected,gap<=1.8,capsule_then_flat_cylinder_gjk,0.0,4,True,7.731540852509763e-13,7.731540852509763e-13,True,,,,,,
组3:PAIR:r172:r357,组3,cylinder_contact,r172,r357,172,357,,,,,,0.0,2.544085043819076e-10,0.0,connected,gap<=1.8,capsule_then_flat_cylinder_gjk,0.0,5,True,1.0267281065914884e-12,1.0267281065914884e-12,True,,,,,,
组3:PAIR:r174:r318,组3,cylinder_contact,r174,r318,174,318,,,,,,0.6787506345906529,0.6787506392934962,0.6787506369420746,connected,gap<=1.8,capsule_then_flat_cylinder_gjk,0.6787506389011781,512,False,0.6787506392675574,2.325482806320167e-09,True,,,,,,
组3:PAIR:r176:r211,组3,cylinder_contact,r176,r211,176,211,,,,,,0.0,3.262679948635211e-10,0.0,connected,gap<=1.8,capsule_then_flat_cylinder_gjk,0.0,5,True,9.099386826154683e-13,9.099386826154683e-13,True,,,,,,
组3:PAIR:r178:r198,组3,cylinder_contact,r178,r198,178,198,,,,,,0.0,2.1286491858327163e-10,0.0,connected,gap<=1.8,capsule_then_flat_cylinder_gjk,0.0,4,True,6.355287432313019e-14,6.355287432313019e-14,True,,,,,,
组3:PAIR:r179:r183,组3,cylinder_contact,r179,r183,179,183,,,,,,0.0,2.2523409545231027e-10,0.0,connected,gap<=1.8,capsule_then_flat_cylinder_gjk,0.0,6,True,1.686439916067154e-11,1.686439916067154e-11,True,,,,,,
组3:PAIR:r180:r201,组3,cylinder_contact,r180,r201,180,201,,,,,,0.0,4.152474931634385e-10,0.0,connected,gap<=1.8,capsule_then_flat_cylinder_gjk,0.0,4,True,2.2737367544323203e-13,2.2737367544323203e-13,True,,,,,,
组3:PAIR:r182:r225,组3,cylinder_contact,r182,r225,182,225,,,,,,0.0,2.131470492514262e-10,0.0,connected,gap<=1.8,capsule_then_flat_cylinder_gjk,0.0,4,True,3.938227581713539e-13,3.938227581713539e-13,True,,,,,,
组3:PAIR:r182:r279,组3,cylinder_contact,r182,r279,182,279,,,,,,0.0,2.2887915767778175e-10,0.0,connected,gap<=1.8,capsule_then_flat_cylinder_gjk,0.0,5,True,7.447483735586253e-10,7.447483735586253e-10,True,,,,,,
组3:PAIR:r188:r225,组3,cylinder_contact,r188,r225,188,225,,,,,,0.0,2.1369379884965107e-10,0.0,connected,gap<=1.8,capsule_then_flat_cylinder_gjk,0.0,5,True,7.36774916095767e-13,7.36774916095767e-13,True,,,,,,
组3:PAIR:r188:r286,组3,cylinder_contact,r188,r286,188,286,,,,,,0.0,1.7356942236517622e-10,0.0,connected,gap<=1.8,capsule_then_flat_cylinder_gjk,0.0,5,True,1.1368683772161605e-12,1.1368683772161605e-12,True,,,,,,
组3:PAIR:r190:r197,组3,cylinder_contact,r190,r197,190,197,,,,,,0.0,2.852692715541051e-10,0.0,connected,gap<=1.8,capsule_then_flat_cylinder_gjk,0.0,5,True,1.2710574864626038e-13,1.2710574864626038e-13,True,,,,,,
组3:PAIR:r205:r218,组3,cylinder_contact,r205,r218,205,218,,,,,,0.0,1.8071373931148645e-10,0.0,connected,gap<=1.8,capsule_then_flat_cylinder_gjk,0.0,6,True,1.6043167557196118e-12,1.6043167557196118e-12,True,,,,,,
组3:PAIR:r205:r287,组3,cylinder_contact,r205,r287,205,287,,,,,,0.0,1.8041168995357442e-10,0.0,connected,gap<=1.8,capsule_then_flat_cylinder_gjk,0.0,5,True,5.82471714435519e-13,5.82471714435519e-13,True,,,,,,
组3:PAIR:r208:r305,组3,cylinder_contact,r208,r305,208,305,,,,,,1.7786710844844462,1.7786710872937999,1.778671085889123,connected,gap<=1.8,capsule_then_flat_cylinder_gjk,1.7786710871068863,12,False,1.778671087142672,1.2535490423459805e-09,True,,,,,,
组3:PAIR:r210:r227,组3,cylinder_contact,r210,r227,210,227,,,,,,11.934210538401576,11.934210539149467,11.93421053877552,separated,gap>1.8,capsule_then_flat_cylinder_gjk,0.0,34,True,11.934210538748854,2.666666887307656e-11,True,,,,,,
组3:PAIR:r213:r287,组3,cylinder_contact,r213,r287,213,287,,,,,,0.0,1.8930594595804609e-10,0.0,connected,gap<=1.8,capsule_then_flat_cylinder_gjk,0.0,4,True,5.362597410144533e-13,5.362597410144533e-13,True,,,,,,
组3:PAIR:r213:r364,组3,cylinder_contact,r213,r364,213,364,,,,,,0.0,2.1663299905383626e-10,0.0,connected,gap<=1.8,capsule_then_flat_cylinder_gjk,0.0,5,True,2.49399488080602e-13,2.49399488080602e-13,True,,,,,,
组3:PAIR:r218:r266,组3,cylinder_contact,r218,r266,218,266,,,,,,0.0,1.685150038897927e-10,0.0,connected,gap<=1.8,capsule_then_flat_cylinder_gjk,0.0,6,True,1.7053025658242404e-13,1.7053025658242404e-13,True,,,,,,
组3:PAIR:r218:r287,组3,cylinder_contact,r218,r287,218,287,,,,,,0.0,1.6388461110316699e-10,0.0,connected,gap<=1.8,capsule_then_flat_cylinder_gjk,0.0,6,True,2.2737367544323206e-13,2.2737367544323206e-13,True,,,,,,
组3:PAIR:r218:r353,组3,cylinder_contact,r218,r353,218,353,,,,,,0.0,2.3341933865593414e-10,0.0,connected,gap<=1.8,capsule_then_flat_cylinder_gjk,0.0,5,True,4.151126638648695e-12,4.151126638648695e-12,True,,,,,,
组3:PAIR:r223:r301,组3,cylinder_contact,r223,r301,223,301,,,,,,0.0,1.9295238210326363e-10,0.0,connected,gap<=1.8,capsule_then_flat_cylinder_gjk,0.0,6,True,1.628063766540671e-09,1.628063766540671e-09,True,,,,,,
组3:PAIR:r225:r319,组3,cylinder_contact,r225,r319,225,319,,,,,,0.0,2.375253215042492e-10,0.0,connected,gap<=1.8,capsule_then_flat_cylinder_gjk,0.0,5,True,5.084229945850415e-13,5.084229945850415e-13,True,,,,,,
组3:PAIR:r226:r240,组3,cylinder_contact,r226,r240,226,240,,,,,,0.0,2.396214031971352e-10,0.0,connected,gap<=1.8,capsule_then_flat_cylinder_gjk,0.0,6,True,1.212844625419613e-12,1.212844625419613e-12,True,,,,,,
组3:PAIR:r227:r273,组3,cylinder_contact,r227,r273,227,273,,,,,,0.0,2.9168753663635964e-10,0.0,connected,gap<=1.8,capsule_then_flat_cylinder_gjk,0.0,4,True,2.5579538487363607e-13,2.5579538487363607e-13,True,,,,,,
组3:PAIR:r227:r297,组3,cylinder_contact,r227,r297,227,297,,,,,,0.0,2.923306465074365e-10,0.0,connected,gap<=1.8,capsule_then_flat_cylinder_gjk,0.0,4,True,1.632702903446565e-13,1.632702903446565e-13,True,,,,,,
组3:PAIR:r229:r283,组3,cylinder_contact,r229,r283,229,283,,,,,,0.0,2.9094623998356114e-10,0.0,connected,gap<=1.8,capsule_then_flat_cylinder_gjk,0.0,4,True,4.617981178760124e-13,4.617981178760124e-13,True,,,,,,
组3:PAIR:r235:r323,组3,cylinder_contact,r235,r323,235,323,,,,,,0.0,3.0650279439901365e-10,0.0,connected,gap<=1.8,capsule_then_flat_cylinder_gjk,0.0,6,True,7.626344918775623e-13,7.626344918775623e-13,True,,,,,,
组3:PAIR:r235:r364,组3,cylinder_contact,r235,r364,235,364,,,,,,0.0,2.532451079585132e-10,0.0,connected,gap<=1.8,capsule_then_flat_cylinder_gjk,0.0,5,True,3.215549355384371e-13,3.215549355384371e-13,True,,,,,,
组3:PAIR:r240:r316,组3,cylinder_contact,r240,r316,240,316,,,,,,0.0,2.209260186921251e-10,0.0,connected,gap<=1.8,capsule_then_flat_cylinder_gjk,0.0,6,True,1.1457157353758233e-13,1.1457157353758233e-13,True,,,,,,
组3:PAIR:r240:r389,组3,cylinder_contact,r240,r389,240,389,,,,,,0.0,2.685357951485943e-10,0.0,connected,gap<=1.8,capsule_then_flat_cylinder_gjk,0.0,5,True,3.5950934718225415e-13,3.5950934718225415e-13,True,,,,,,
组3:PAIR:r244:r248,组3,cylinder_contact,r244,r248,244,248,,,,,,0.0,2.9305337103152396e-10,0.0,connected,gap<=1.8,capsule_then_flat_cylinder_gjk,0.0,6,True,6.278560827688159e-13,6.278560827688159e-13,True,,,,,,
组3:PAIR:r244:r254,组3,cylinder_contact,r244,r254,244,254,,,,,,0.0,2.9623390581094036e-10,0.0,connected,gap<=1.8,capsule_then_flat_cylinder_gjk,0.0,4,True,7.78360568894479e-14,7.78360568894479e-14,True,,,,,,
组3:PAIR:r248:r254,组3,cylinder_contact,r248,r254,248,254,,,,,,0.0,2.9551367933102037e-10,0.0,connected,gap<=1.8,capsule_then_flat_cylinder_gjk,0.0,4,True,7.279509460923747e-13,7.279509460923747e-13,True,,,,,,
组3:PAIR:r251:r266,组3,cylinder_contact,r251,r266,251,266,,,,,,0.0,1.824541306788274e-10,0.0,connected,gap<=1.8,capsule_then_flat_cylinder_gjk,0.0,4,True,3.410605131648481e-13,3.410605131648481e-13,True,,,,,,
组3:PAIR:r251:r274,组3,cylinder_contact,r251,r274,251,274,,,,,,0.0,2.607521111882691e-10,0.0,connected,gap<=1.8,capsule_then_flat_cylinder_gjk,0.0,4,True,8.354242286656624e-13,8.354242286656624e-13,True,,,,,,
组3:PAIR:r257:r291,组3,cylinder_contact,r257,r291,257,291,,,,,,0.0,2.0842647623098825e-10,0.0,connected,gap<=1.8,capsule_then_flat_cylinder_gjk,0.0,5,True,7.031142602530156e-13,7.031142602530156e-13,True,,,,,,
组3:PAIR:r257:r315,组3,cylinder_contact,r257,r315,257,315,,,,,,0.0,1.8671020428083936e-10,0.0,connected,gap<=1.8,capsule_then_flat_cylinder_gjk,0.0,5,True,3.177643716156509e-13,3.177643716156509e-13,True,,,,,,
组3:PAIR:r259:r330,组3,cylinder_contact,r259,r330,259,330,,,,,,0.0,1.4511157245606337e-10,0.0,connected,gap<=1.8,capsule_then_flat_cylinder_gjk,0.0,6,True,9.25343817704044e-13,9.25343817704044e-13,True,,,,,,
组3:PAIR:r262:r423,组3,cylinder_contact,r262,r423,262,423,,,,,,0.0,2.1765580931130912e-10,0.0,connected,gap<=1.8,capsule_then_flat_cylinder_gjk,0.0,5,True,9.54563326089707e-13,9.54563326089707e-13,True,,,,,,
组3:PAIR:r265:r278,组3,cylinder_contact,r265,r278,265,278,,,,,,0.0,2.9801955429294825e-10,0.0,connected,gap<=1.8,capsule_then_flat_cylinder_gjk,0.0,4,True,1.4210854715202004e-14,1.4210854715202004e-14,True,,,,,,
组3:PAIR:r267:r414,组3,cylinder_contact,r267,r414,267,414,,,,,,0.0,3.56267730543135e-10,0.0,connected,gap<=1.8,capsule_then_flat_cylinder_gjk,0.0,5,True,1.392373714442771e-13,1.392373714442771e-13,True,,,,,,
组3:PAIR:r269:r317,组3,cylinder_contact,r269,r317,269,317,,,,,,0.0,2.698550043861707e-10,0.0,connected,gap<=1.8,capsule_then_flat_cylinder_gjk,0.0,6,True,4.591667681496436e-13,4.591667681496436e-13,True,,,,,,
组3:PAIR:r275:r296,组3,cylinder_contact,r275,r296,275,296,,,,,,0.0,2.5016335154441323e-10,0.0,connected,gap<=1.8,capsule_then_flat_cylinder_gjk,0.0,5,True,6.915300366811402e-13,6.915300366811402e-13,True,,,,,,
组3:PAIR:r278:r302,组3,cylinder_contact,r278,r302,278,302,,,,,,0.0,3.705586404203881e-10,0.0,connected,gap<=1.8,capsule_then_flat_cylinder_gjk,0.0,5,True,4.602649920770332e-13,4.602649920770332e-13,True,,,,,,
组3:PAIR:r279:r319,组3,cylinder_contact,r279,r319,279,319,,,,,,0.0,2.3757270128329836e-10,0.0,connected,gap<=1.8,capsule_then_flat_cylinder_gjk,0.0,4,True,2.8421709430404007e-13,2.8421709430404007e-13,True,,,,,,
组3:PAIR:r280:r308,组3,cylinder_contact,r280,r308,280,308,,,,,,0.0,2.5829724083158627e-10,0.0,connected,gap<=1.8,capsule_then_flat_cylinder_gjk,0.0,6,True,1.4559018921847493e-12,1.4559018921847493e-12,True,,,,,,
组3:PAIR:r285:r294,组3,cylinder_contact,r285,r294,285,294,,,,,,0.0,3.177437386588334e-10,0.0,connected,gap<=1.8,capsule_then_flat_cylinder_gjk,0.0,5,True,1.449228509952941e-13,1.449228509952941e-13,True,,,,,,
组3:PAIR:r295:r451,组3,cylinder_contact,r295,r451,295,451,,,,,,1.4529593453894278,1.452959348626191,1.4529593470078095,connected,gap<=1.8,capsule_then_flat_cylinder_gjk,1.4529593482501113,11,False,1.4529593482498315,1.2420220407705074e-09,True,,,,,,
组3:PAIR:r297:r438,组3,cylinder_contact,r297,r438,297,438,,,,,,0.0,3.2335519616026216e-10,0.0,connected,gap<=1.8,capsule_then_flat_cylinder_gjk,0.0,4,True,8.507543922801099e-13,8.507543922801099e-13,True,,,,,,
组3:PAIR:r305:r330,组3,cylinder_contact,r305,r330,305,330,,,,,,0.0,1.5107499996738364e-10,0.0,connected,gap<=1.8,capsule_then_flat_cylinder_gjk,0.0,4,True,7.190186943645083e-13,7.190186943645083e-13,True,,,,,,
组3:PAIR:r307:r481,组3,cylinder_contact,r307,r481,307,481,,,,,,0.0,2.4618112744401226e-10,0.0,connected,gap<=1.8,capsule_then_flat_cylinder_gjk,0.0,5,True,9.166827466555184e-13,9.166827466555184e-13,True,,,,,,
组3:PAIR:r310:r319,组3,cylinder_contact,r310,r319,310,319,,,,,,0.0,2.367455331942225e-10,0.0,connected,gap<=1.8,capsule_then_flat_cylinder_gjk,0.0,4,True,2.1457920056692358e-13,2.1457920056692358e-13,True,,,,,,
组3:PAIR:r311:r398,组3,cylinder_contact,r311,r398,311,398,,,,,,0.0,2.669711402285452e-10,0.0,connected,gap<=1.8,capsule_then_flat_cylinder_gjk,0.0,4,True,4.687428401686771e-13,4.687428401686771e-13,True,,,,,,
组3:PAIR:r313:r380,组3,cylinder_contact,r313,r380,313,380,,,,,,0.0,3.1414922605195625e-10,0.0,connected,gap<=1.8,capsule_then_flat_cylinder_gjk,0.0,5,True,2.2422549276730047e-12,2.2422549276730047e-12,True,,,,,,
组3:PAIR:r318:r323,组3,cylinder_contact,r318,r323,318,323,,,,,,0.0,3.063186714432367e-10,0.0,connected,gap<=1.8,capsule_then_flat_cylinder_gjk,0.0,5,True,5.209785393794664e-13,5.209785393794664e-13,True,,,,,,
组3:PAIR:r320:r341,组3,cylinder_contact,r320,r341,320,341,,,,,,0.0,1.4312323574856354e-10,0.0,connected,gap<=1.8,capsule_then_flat_cylinder_gjk,0.0,5,True,8.921056211695389e-11,8.921056211695389e-11,True,,,,,,
组3:PAIR:r320:r486,组3,cylinder_contact,r320,r486,320,486,,,,,,1.2065018440911464,1.2065018445999443,1.2065018443455453,connected,gap<=1.8,capsule_then_flat_cylinder_gjk,0.0,36,True,1.2065018443719102,2.6364910254983442e-11,True,,,,,,
组3:PAIR:r322:r326,组3,cylinder_contact,r322,r326,322,326,,,,,,0.0,1.4257706489324667e-10,0.0,connected,gap<=1.8,capsule_then_flat_cylinder_gjk,0.0,5,True,9.235962357520249e-13,9.235962357520249e-13,True,,,,,,
组3:PAIR:r322:r330,组3,cylinder_contact,r322,r330,322,330,,,,,,0.0,1.4497795171338934e-10,0.0,connected,gap<=1.8,capsule_then_flat_cylinder_gjk,0.0,4,True,4.687428401686771e-13,4.687428401686771e-13,True,,,,,,
组3:PAIR:r325:r375,组3,cylinder_contact,r325,r375,325,375,,,,,,0.0,1.6234731147628353e-10,0.0,connected,gap<=1.8,capsule_then_flat_cylinder_gjk,0.0,5,True,2.2737367544323206e-13,2.2737367544323206e-13,True,,,,,,
组3:PAIR:r326:r330,组3,cylinder_contact,r326,r330,326,330,,,,,,0.0,1.5469338570899601e-10,0.0,connected,gap<=1.8,capsule_then_flat_cylinder_gjk,0.0,4,True,3.9382275817135387e-13,3.9382275817135387e-13,True,,,,,,
组3:PAIR:r340:r400,组3,cylinder_contact,r340,r400,340,400,,,,,,0.0,3.684163832082509e-10,0.0,connected,gap<=1.8,capsule_then_flat_cylinder_gjk,0.0,4,True,9.205299841540664e-13,9.205299841540664e-13,True,,,,,,
组3:PAIR:r342:r343,组3,cylinder_contact,r342,r343,342,343,,,,,,0.0,2.400318333864524e-10,0.0,connected,gap<=1.8,capsule_then_flat_cylinder_gjk,0.0,4,True,1.1138989715542167e-12,1.1138989715542167e-12,True,,,,,,
组3:PAIR:r345:r355,组3,cylinder_contact,r345,r355,345,355,,,,,,0.0,2.3640777920416116e-10,0.0,connected,gap<=1.8,capsule_then_flat_cylinder_gjk,0.0,5,True,1.2912342630898533e-12,1.2912342630898533e-12,True,,,,,,
组3:PAIR:r345:r386,组3,cylinder_contact,r345,r386,345,386,,,,,,0.0,2.358393450155531e-10,0.0,connected,gap<=1.8,capsule_then_flat_cylinder_gjk,0.0,4,True,4.749984274667112e-10,4.749984274667112e-10,True,,,,,,
组3:PAIR:r349:r369,组3,cylinder_contact,r349,r369,349,369,,,,,,0.0,2.47756972998614e-10,0.0,connected,gap<=1.8,capsule_then_flat_cylinder_gjk,0.0,6,True,6.967667714054224e-13,6.967667714054224e-13,True,,,,,,
组3:PAIR:r349:r397,组3,cylinder_contact,r349,r397,349,397,,,,,,0.0,2.6031819486092913e-10,0.0,connected,gap<=1.8,capsule_then_flat_cylinder_gjk,0.0,4,True,4.238933840384142e-12,4.238933840384142e-12,True,,,,,,
组3:PAIR:r353:r453,组3,cylinder_contact,r353,r453,353,453,,,,,,0.0,2.5768936463731633e-10,0.0,connected,gap<=1.8,capsule_then_flat_cylinder_gjk,0.0,4,True,2.0495186137532014e-13,2.0495186137532014e-13,True,,,,,,
组3:PAIR:r354:r358,组3,cylinder_contact,r354,r358,354,358,,,,,,0.0,2.775583005623495e-10,0.0,connected,gap<=1.8,capsule_then_flat_cylinder_gjk,0.0,5,True,1.7975467359112708e-13,1.7975467359112708e-13,True,,,,,,
组3:PAIR:r359:r360,组3,cylinder_contact,r359,r360,359,360,,,,,,0.0,2.456481369825429e-10,0.0,connected,gap<=1.8,capsule_then_flat_cylinder_gjk,0.0,4,True,0.0,0.0,True,,,,,,
组3:PAIR:r369:r430,组3,cylinder_contact,r369,r430,369,430,,,,,,0.0,2.613156070377339e-10,0.0,connected,gap<=1.8,capsule_then_flat_cylinder_gjk,0.0,5,True,5.6843418860808e-13,5.6843418860808e-13,True,,,,,,
组3:PAIR:r379:r502,组3,cylinder_contact,r379,r502,379,502,,,,,,0.0,3.396179140685914e-10,0.0,connected,gap<=1.8,capsule_then_flat_cylinder_gjk,0.0,5,True,4.687428401686771e-13,4.687428401686771e-13,True,,,,,,
组3:PAIR:r381:r390,组3,cylinder_contact,r381,r390,381,390,,,,,,0.0,3.2983939788742185e-10,0.0,connected,gap<=1.8,capsule_then_flat_cylinder_gjk,0.0,4,True,2.4290171290001005e-12,2.4290171290001005e-12,True,,,,,,
组3:PAIR:r382:r481,组3,cylinder_contact,r382,r481,382,481,,,,,,0.0,2.4624864434485803e-10,0.0,connected,gap<=1.8,capsule_then_flat_cylinder_gjk,0.0,5,True,7.279509460923745e-13,7.279509460923745e-13,True,,,,,,
组3:PAIR:r384:r395,组3,cylinder_contact,r384,r395,384,395,,,,,,0.0,3.2483848930774674e-10,0.0,connected,gap<=1.8,capsule_then_flat_cylinder_gjk,0.0,6,True,6.12222357532858e-13,6.12222357532858e-13,True,,,,,,
组3:PAIR:r391:r474,组3,cylinder_contact,r391,r474,391,474,,,,,,0.0,2.448318953786431e-10,0.0,connected,gap<=1.8,capsule_then_flat_cylinder_gjk,0.0,4,True,8.889454746300438e-13,8.889454746300438e-13,True,,,,,,
组3:PAIR:r391:r489,组3,cylinder_contact,r391,r489,391,489,,,,,,0.0,2.571838157237207e-10,0.0,connected,gap<=1.8,capsule_then_flat_cylinder_gjk,0.0,5,True,5.084229945850415e-13,5.084229945850415e-13,True,,,,,,
组3:PAIR:r392:r393,组3,cylinder_contact,r392,r393,392,393,,,,,,0.0,3.473401692945573e-10,0.0,connected,gap<=1.8,capsule_then_flat_cylinder_gjk,0.0,5,True,1.2912342630898533e-12,1.2912342630898533e-12,True,,,,,,
组3:PAIR:r396:r397,组3,cylinder_contact,r396,r397,396,397,,,,,,0.0,2.7920573375353393e-10,0.0,connected,gap<=1.8,capsule_then_flat_cylinder_gjk,0.0,6,True,2.604892696897332e-13,2.604892696897332e-13,True,,,,,,
组3:PAIR:r408:r423,组3,cylinder_contact,r408,r423,408,423,,,,,,0.0,2.674226114355234e-10,0.0,connected,gap<=1.8,capsule_then_flat_cylinder_gjk,0.0,4,True,2.31335954426011e-13,2.31335954426011e-13,True,,,,,,
组3:PAIR:r413:r448,组3,cylinder_contact,r413,r448,413,448,,,,,,0.0,2.607746526304305e-10,0.0,connected,gap<=1.8,capsule_then_flat_cylinder_gjk,0.0,4,True,4.263256414560601e-14,4.263256414560601e-14,True,,,,,,
组3:PAIR:r429:r438,组3,cylinder_contact,r429,r438,429,438,,,,,,0.0,3.2259412377114166e-10,0.0,connected,gap<=1.8,capsule_then_flat_cylinder_gjk,0.0,4,True,5.684341886080802e-14,5.684341886080802e-14,True,,,,,,
组3:PAIR:r430:r450,组3,cylinder_contact,r430,r450,430,450,,,,,,0.0,2.777935588946599e-10,0.0,connected,gap<=1.8,capsule_then_flat_cylinder_gjk,0.0,5,True,6.653351596650978e-13,6.653351596650978e-13,True,,,,,,
组3:PAIR:r431:r501,组3,cylinder_contact,r431,r501,431,501,,,,,,0.0,2.535977347409275e-10,0.0,connected,gap<=1.8,capsule_then_flat_cylinder_gjk,0.0,4,True,3.642262423977992e-10,3.642262423977992e-10,True,,,,,,
组3:PAIR:r439:r450,组3,cylinder_contact,r439,r450,439,450,,,,,,0.0,2.7832981863567434e-10,0.0,connected,gap<=1.8,capsule_then_flat_cylinder_gjk,0.0,5,True,1.1368683772161603e-13,1.1368683772161603e-13,True,,,,,,
组3:PAIR:r448:r496,组3,cylinder_contact,r448,r496,448,496,,,,,,0.0,2.758813483855791e-10,0.0,connected,gap<=1.8,capsule_then_flat_cylinder_gjk,0.0,5,True,1.1607754604859869e-12,1.1607754604859869e-12,True,,,,,,
组3:PAIR:r455:r489,组3,cylinder_contact,r455,r489,455,489,,,,,,0.0,2.5725536036779325e-10,0.0,connected,gap<=1.8,capsule_then_flat_cylinder_gjk,0.0,5,True,7.928841929790065e-13,7.928841929790065e-13,True,,,,,,
组3:PAIR:r462:r511,组3,cylinder_contact,r462,r511,462,511,,,,,,0.0,3.0824811524761763e-10,0.0,connected,gap<=1.8,capsule_then_flat_cylinder_gjk,0.0,5,True,9.11269327268735e-13,9.11269327268735e-13,True,,,,,,
组3:PAIR:r466:r526,组3,cylinder_contact,r466,r526,466,526,,,,,,0.0,3.1938065706352716e-10,0.0,connected,gap<=1.8,capsule_then_flat_cylinder_gjk,0.0,5,True,1.378672645345762e-12,1.378672645345762e-12,True,,,,,,
组3:PAIR:r474:r485,组3,cylinder_contact,r474,r485,474,485,,,,,,0.0,2.8241144636983253e-10,0.0,connected,gap<=1.8,capsule_then_flat_cylinder_gjk,0.0,5,True,9.392074185745005e-13,9.392074185745005e-13,True,,,,,,
组3:PAIR:r474:r489,组3,cylinder_contact,r474,r489,474,489,,,,,,0.0,2.5674789722667007e-10,0.0,connected,gap<=1.8,capsule_then_flat_cylinder_gjk,0.0,5,True,4.253771961400549e-13,4.253771961400549e-13,True,,,,,,
组3:PAIR:r484:r531,组3,cylinder_contact,r484,r531,484,531,,,,,,0.0,2.88223443696985e-10,0.0,connected,gap<=1.8,capsule_then_flat_cylinder_gjk,0.0,7,True,1.1368683772161603e-13,1.1368683772161603e-13,True,,,,,,
组3:PAIR:r485:r489,组3,cylinder_contact,r485,r489,485,489,,,,,,0.0,2.8370934167814443e-10,0.0,connected,gap<=1.8,capsule_then_flat_cylinder_gjk,0.0,5,True,2.2914314707516465e-13,2.2914314707516465e-13,True,,,,,,
组3:PAIR:r495:r521,组3,cylinder_contact,r495,r521,495,521,,,,,,0.0,3.489508915914903e-10,0.0,connected,gap<=1.8,capsule_then_flat_cylinder_gjk,0.0,5,True,3.228085657724633e-13,3.228085657724633e-13,True,,,,,,
