sheet,scenario,junction_id,row1,side1,cells1,endpoint1_x,endpoint1_y,endpoint1_z,row2,side2,cells2,endpoint2_x,endpoint2_y,endpoint2_z,kind,shift_x,shift_y,shift_z,crossing_axes,dot_outward
组1,full_cube_periodic,1,3,1,A3:C3,-5000.0,-123.595139885209,-413.21077078022,14,2,D14:F14,5000.0,-123.595139885209,-413.21077078022,periodic,1,0,0,X,-1.0
组1,full_cube_periodic,2,4,1,A4:C4,-5000.0,260.638630130799,-45.5355334223004,12,2,D12:F12,5000.0,260.638630130799,-45.5355334223004,periodic,1,0,0,X,-1.0000000000000002
组1,full_cube_periodic,3,5,1,A5:C5,-5000.0,273.505296679324,-144.677940130256,11,2,D11:F11,5000.0,273.505296679324,-144.677940130256,periodic,1,0,0,X,-1.0
组1,thin_prism_periodic,1,3,1,A3:C3,-5000.0,-123.595139885209,-413.21077078022,14,2,D14:F14,5000.0,-123.595139885209,-413.21077078022,periodic,1,0,0,X,-1.0
组1,thin_prism_periodic,2,4,1,A4:C4,-5000.0,260.638630130799,-45.5355334223004,12,2,D12:F12,5000.0,260.638630130799,-45.5355334223004,periodic,1,0,0,X,-1.0000000000000002
组1,thin_prism_periodic,3,5,1,A5:C5,-5000.0,273.505296679324,-144.677940130256,11,2,D11:F11,5000.0,273.505296679324,-144.677940130256,periodic,1,0,0,X,-1.0
组1,thin_prism_periodic,4,8,2,D8:F8,-843.854487636523,-277.554922291578,500.0,9,1,A9:C9,-843.854487636523,-277.554922291578,-500.0,periodic,0,0,-1,Z,-1.0
组1,thin_prism_periodic,5,13,2,D13:F13,3660.68808804375,-338.712686789317,500.0,14,1,A14:C14,3660.68808804375,-338.712686789317,-500.0,periodic,0,0,-1,Z,-0.9999999999999999
组2,full_cube_periodic,1,3,1,A3:C3,-5000.0,-460.898289390296,-273.23245049489,49,2,D49:F49,5000.0,-460.898289390296,-273.23245049489,periodic,1,0,0,X,-0.9999999999999999
组2,full_cube_periodic,2,4,1,A4:C4,-5000.0,-192.583780408597,50.2861991895686,51,2,D51:F51,5000.0,-192.583780408597,50.2861991895686,periodic,1,0,0,X,-1.0
组2,full_cube_periodic,3,5,1,A5:C5,-5000.0,-143.414420351492,218.690227529327,45,2,D45:F45,5000.0,-143.414420351492,218.690227529327,periodic,1,0,0,X,-1.0
组2,full_cube_periodic,4,6,1,A6:C6,-5000.0,-31.8043625940113,-200.10393428969,47,2,D47:F47,5000.0,-31.8043625940113,-200.10393428969,periodic,1,0,0,X,-0.9999999999999999
组2,full_cube_periodic,5,7,1,A7:C7,-5000.0,-24.3939133305471,-161.974770248318,48,2,D48:F48,5000.0,-24.3939133305471,-161.974770248318,periodic,1,0,0,X,-1.0
组2,full_cube_periodic,6,8,1,A8:C8,-5000.0,-14.0725596141766,281.931898702774,44,2,D44:F44,5000.0,-14.0725596141766,281.931898702774,periodic,1,0,0,X,-0.9999999999999999
组2,full_cube_periodic,7,9,1,A9:C9,-5000.0,-10.9123393011085,138.872240038616,40,2,D40:F40,5000.0,-10.9123393011085,138.872240038616,periodic,1,0,0,X,-1.0
组2,full_cube_periodic,8,11,1,A11:C11,-5000.0,270.675162840378,-248.900081210053,50,2,D50:F50,5000.0,270.675162840378,-248.900081210053,periodic,1,0,0,X,-1.0
组2,full_cube_periodic,9,12,1,A12:C12,-5000.0,300.316348054142,115.435676374726,41,2,D41:F41,5000.0,300.316348054142,115.435676374726,periodic,1,0,0,X,-0.9999999999999999
组2,full_cube_periodic,10,13,1,A13:C13,-5000.0,307.50626190705,-131.057049605648,46,2,D46:F46,5000.0,307.50626190705,-131.057049605648,periodic,1,0,0,X,-1.0000000000000002
组2,thin_prism_periodic,1,3,1,A3:C3,-5000.0,-460.898289390296,-273.23245049489,49,2,D49:F49,5000.0,-460.898289390296,-273.23245049489,periodic,1,0,0,X,-0.9999999999999999
组2,thin_prism_periodic,2,3,2,D3:F3,-3512.12594512394,-404.979103320158,-500.0,19,1,A19:C19,-3512.12594512394,-404.979103320158,500.0,periodic,0,0,1,Z,-1.0
组2,thin_prism_periodic,3,4,1,A4:C4,-5000.0,-192.583780408597,50.2861991895686,51,2,D51:F51,5000.0,-192.583780408597,50.2861991895686,periodic,1,0,0,X,-1.0
组2,thin_prism_periodic,4,5,1,A5:C5,-5000.0,-143.414420351492,218.690227529327,45,2,D45:F45,5000.0,-143.414420351492,218.690227529327,periodic,1,0,0,X,-1.0
组2,thin_prism_periodic,5,6,1,A6:C6,-5000.0,-31.8043625940113,-200.10393428969,47,2,D47:F47,5000.0,-31.8043625940113,-200.10393428969,periodic,1,0,0,X,-0.9999999999999999
组2,thin_prism_periodic,6,7,1,A7:C7,-5000.0,-24.3939133305471,-161.974770248318,48,2,D48:F48,5000.0,-24.3939133305471,-161.974770248318,periodic,1,0,0,X,-1.0
组2,thin_prism_periodic,7,8,1,A8:C8,-5000.0,-14.0725596141766,281.931898702774,44,2,D44:F44,5000.0,-14.0725596141766,281.931898702774,periodic,1,0,0,X,-0.9999999999999999
组2,thin_prism_periodic,8,9,1,A9:C9,-5000.0,-10.9123393011085,138.872240038616,40,2,D40:F40,5000.0,-10.9123393011085,138.872240038616,periodic,1,0,0,X,-1.0
组2,thin_prism_periodic,9,10,2,D10:F10,-4173.94384524883,33.2672984059111,-500.0,17,1,A17:C17,-4173.94384524883,33.2672984059111,500.0,periodic,0,0,1,Z,-1.0
组2,thin_prism_periodic,10,11,1,A11:C11,-5000.0,270.675162840378,-248.900081210053,50,2,D50:F50,5000.0,270.675162840378,-248.900081210053,periodic,1,0,0,X,-1.0
组2,thin_prism_periodic,11,11,2,D11:F11,-3079.42375967721,104.273670959877,-500.0,22,1,A22:C22,-3079.42375967721,104.273670959877,500.0,periodic,0,0,1,Z,-0.9999999999999999
组2,thin_prism_periodic,12,12,1,A12:C12,-5000.0,300.316348054142,115.435676374726,41,2,D41:F41,5000.0,300.316348054142,115.435676374726,periodic,1,0,0,X,-0.9999999999999999
组2,thin_prism_periodic,13,13,1,A13:C13,-5000.0,307.50626190705,-131.057049605648,46,2,D46:F46,5000.0,307.50626190705,-131.057049605648,periodic,1,0,0,X,-1.0000000000000002
组2,thin_prism_periodic,14,15,2,D15:F15,-1537.93061123045,500.0,398.703158402811,30,1,A30:C30,-1537.93061123045,-500.0,398.703158402811,periodic,0,-1,0,Y,-1.0
组2,thin_prism_periodic,15,21,2,D21:F21,546.17566633094,500.0,-275.882596484106,37,1,A37:C37,546.17566633094,-500.0,-275.882596484106,periodic,0,-1,0,Y,-1.0
组2,thin_prism_periodic,16,24,2,D24:F24,-1767.0938703176,265.608771579383,500.0,29,1,A29:C29,-1767.0938703176,265.608771579383,-500.0,periodic,0,0,-1,Z,-0.9999999999999999
组2,thin_prism_periodic,17,25,2,D25:F25,1319.672058946,-500.0,-292.919257117071,39,1,A39:C39,1319.672058946,500.0,-292.919257117071,periodic,0,1,0,Y,-1.0
组2,thin_prism_periodic,18,30,2,D30:F30,-787.781102731041,-435.217931966297,500.0,32,1,A32:C32,-787.781102731041,-435.217931966297,-500.0,periodic,0,0,-1,Z,-0.9999999999999999
组2,thin_prism_periodic,19,34,2,D34:F34,621.587310787169,500.0,411.795323271371,38,1,A38:C38,621.587310787169,-500.0,411.795323271371,periodic,0,-1,0,Y,-1.0
组2,thin_prism_periodic,20,42,2,D42:F42,2804.23899723811,500.0,98.5069701618498,45,1,A45:C45,2804.23899723811,-500.0,98.5069701618498,periodic,0,-1,0,Y,-1.0
组2,thin_prism_periodic,21,43,2,D43:F43,3959.59822010861,500.0,-114.664350356616,49,1,A49:C49,3959.59822010861,-500.0,-114.664350356616,periodic,0,-1,0,Y,-0.9999999999999999
组3,full_cube_periodic,1,4,1,A4:C4,-5000.0,-4866.08250706701,-1349.01698940725,507,2,D507:F507,5000.0,-4866.08250706701,-1349.01698940725,periodic,1,0,0,X,-1.0
组3,full_cube_periodic,2,6,1,A6:C6,-5000.0,-4560.01742740096,964.359666454309,490,2,D490:F490,5000.0,-4560.01742740096,964.359666454309,periodic,1,0,0,X,-1.0000000000000002
组3,full_cube_periodic,3,7,1,A7:C7,-5000.0,-4547.39384234608,-410.884225856586,537,2,D537:F537,5000.0,-4547.39384234608,-410.884225856586,periodic,1,0,0,X,-1.0
组3,full_cube_periodic,4,8,1,A8:C8,-5000.0,-4519.66210305138,3025.31565018178,487,2,D487:F487,5000.0,-4519.66210305138,3025.31565018178,periodic,1,0,0,X,-1.0
组3,full_cube_periodic,5,9,1,A9:C9,-5000.0,-4435.68841088378,396.827175517224,454,2,D454:F454,5000.0,-4435.68841088378,396.827175517224,periodic,1,0,0,X,-1.0
组3,full_cube_periodic,6,10,1,A10:C10,-5000.0,-4427.31798471068,-2547.29172280084,452,2,D452:F452,5000.0,-4427.31798471068,-2547.29172280084,periodic,1,0,0,X,-1.0
组3,full_cube_periodic,7,11,1,A11:C11,-5000.0,-4266.16628897089,-3773.88172280203,534,2,D534:F534,5000.0,-4266.16628897089,-3773.88172280203,periodic,1,0,0,X,-0.9999999999999999
组3,full_cube_periodic,8,12,1,A12:C12,-5000.0,-4209.37005304343,1282.30863091672,527,2,D527:F527,5000.0,-4209.37005304343,1282.30863091672,periodic,1,0,0,X,-0.9999999999999999
组3,full_cube_periodic,9,13,1,A13:C13,-5000.0,-4113.79464480424,-1483.19311457291,526,2,D526:F526,5000.0,-4113.79464480424,-1483.19311457291,periodic,1,0,0,X,-1.0
组3,full_cube_periodic,10,13,2,D13:F13,-4778.60000563849,-5000.0,-1494.68012704236,101,1,A101:C101,-4778.60000563849,5000.0,-1494.68012704236,periodic,0,1,0,Y,-1.0
组3,full_cube_periodic,11,14,1,A14:C14,-5000.0,-4073.06844973178,4316.19087821228,472,2,D472:F472,5000.0,-4073.06844973178,4316.19087821228,periodic,1,0,0,X,-0.9999999999999998
组3,full_cube_periodic,12,16,1,A16:C16,-5000.0,-3934.96314704756,923.476102249517,492,2,D492:F492,5000.0,-3934.96314704756,923.476102249517,periodic,1,0,0,X,-0.9999999999999998
组3,full_cube_periodic,13,17,1,A17:C17,-5000.0,-3809.67060242485,-2329.36103653559,395,2,D395:F395,5000.0,-3809.67060242485,-2329.36103653559,periodic,1,0,0,X,-0.9999999999999999
组3,full_cube_periodic,14,18,1,A18:C18,-5000.0,-3505.79987614971,2439.60639803962,458,2,D458:F458,5000.0,-3505.79987614971,2439.60639803962,periodic,1,0,0,X,-1.0000000000000002
组3,full_cube_periodic,15,19,1,A19:C19,-5000.0,-3160.9915908559,3668.52224946907,400,2,D400:F400,5000.0,-3160.9915908559,3668.52224946907,periodic,1,0,0,X,-1.0
组3,full_cube_periodic,16,20,1,A20:C20,-5000.0,-2897.59141411251,288.901642274303,464,2,D464:F464,5000.0,-2897.59141411251,288.901642274303,periodic,1,0,0,X,-1.0
组3,full_cube_periodic,17,21,1,A21:C21,-5000.0,-2779.71438908079,-3244.96239808851,488,2,D488:F488,5000.0,-2779.71438908079,-3244.96239808851,periodic,1,0,0,X,-1.0
组3,full_cube_periodic,18,22,1,A22:C22,-5000.0,-2778.66251188592,2206.82508489744,445,2,D445:F445,5000.0,-2778.66251188592,2206.82508489744,periodic,1,0,0,X,-1.0
组3,full_cube_periodic,19,23,1,A23:C23,-5000.0,-2691.57323766101,-1126.55329185837,479,2,D479:F479,5000.0,-2691.57323766101,-1126.55329185837,periodic,1,0,0,X,-1.0
组3,full_cube_periodic,20,24,1,A24:C24,-5000.0,-2602.2578268195,2880.14555663,482,2,D482:F482,5000.0,-2602.2578268195,2880.14555663,periodic,1,0,0,X,-0.9999999999999999
组3,full_cube_periodic,21,25,1,A25:C25,-5000.0,-2564.86128944441,-1330.47391306341,522,2,D522:F522,5000.0,-2564.86128944441,-1330.47391306341,periodic,1,0,0,X,-1.0
组3,full_cube_periodic,22,26,1,A26:C26,-5000.0,-2456.20339955356,-2657.38387812609,535,2,D535:F535,5000.0,-2456.20339955356,-2657.38387812609,periodic,1,0,0,X,-1.0
组3,full_cube_periodic,23,27,1,A27:C27,-5000.0,-2432.17457103533,-3042.63852110194,523,2,D523:F523,5000.0,-2432.17457103533,-3042.63852110194,periodic,1,0,0,X,-1.0
组3,full_cube_periodic,24,28,1,A28:C28,-5000.0,-2429.63780368038,1192.46496680503,536,2,D536:F536,5000.0,-2429.63780368038,1192.46496680503,periodic,1,0,0,X,-1.0
组3,full_cube_periodic,25,29,1,A29:C29,-5000.0,-2285.37593637789,-1294.23920020719,466,2,D466:F466,5000.0,-2285.37593637789,-1294.23920020719,periodic,1,0,0,X,-1.0
组3,full_cube_periodic,26,30,1,A30:C30,-5000.0,-1980.646304769,3104.21465993047,514,2,D514:F514,5000.0,-1980.646304769,3104.21465993047,periodic,1,0,0,X,-1.0
组3,full_cube_periodic,27,31,1,A31:C31,-5000.0,-1885.81724045037,4304.47317215295,506,2,D506:F506,5000.0,-1885.81724045037,4304.47317215295,periodic,1,0,0,X,-1.0
组3,full_cube_periodic,28,32,1,A32:C32,-5000.0,-1832.60798588856,-4442.89166913915,383,2,D383:F383,5000.0,-1832.60798588856,-4442.89166913915,periodic,1,0,0,X,-1.0000000000000002
组3,full_cube_periodic,29,33,1,A33:C33,-5000.0,-1823.22140012199,290.683235674212,531,2,D531:F531,5000.0,-1823.22140012199,290.683235674212,periodic,1,0,0,X,-1.0
组3,full_cube_periodic,30,34,1,A34:C34,-5000.0,-1770.83504212766,2589.6427585874,511,2,D511:F511,5000.0,-1770.83504212766,2589.6427585874,periodic,1,0,0,X,-1.0
组3,full_cube_periodic,31,35,1,A35:C35,-5000.0,-1730.49364760457,-1584.90290947253,493,2,D493:F493,5000.0,-1730.49364760457,-1584.90290947253,periodic,1,0,0,X,-1.0
组3,full_cube_periodic,32,36,1,A36:C36,-5000.0,-1690.28799022273,1083.3790173988,508,2,D508:F508,5000.0,-1690.28799022273,1083.3790173988,periodic,1,0,0,X,-0.9999999999999999
组3,full_cube_periodic,33,37,1,A37:C37,-5000.0,-1568.74135130602,-712.470563064057,484,2,D484:F484,5000.0,-1568.74135130602,-712.470563064057,periodic,1,0,0,X,-1.0
组3,full_cube_periodic,34,38,1,A38:C38,-5000.0,-1525.23346506892,2224.38202222794,532,2,D532:F532,5000.0,-1525.23346506892,2224.38202222794,periodic,1,0,0,X,-0.9999999999999999
组3,full_cube_periodic,35,39,1,A39:C39,-5000.0,-1332.26025692466,4449.60978106156,473,2,D473:F473,5000.0,-1332.26025692466,4449.60978106156,periodic,1,0,0,X,-1.0
组3,full_cube_periodic,36,39,2,D39:F39,-4085.87573408055,-1200.84449151643,5000.0,144,1,A144:C144,-4085.87573408055,-1200.84449151643,-5000.0,periodic,0,0,-1,Z,-0.9999999999999999
组3,full_cube_periodic,37,40,1,A40:C40,-5000.0,-1194.62051862425,2791.97432075776,430,2,D430:F430,5000.0,-1194.62051862425,2791.97432075776,periodic,1,0,0,X,-1.0
组3,full_cube_periodic,38,41,1,A41:C41,-5000.0,-1126.71993264818,4747.84309165573,530,2,D530:F530,5000.0,-1126.71993264818,4747.84309165573,periodic,1,0,0,X,-1.0
组3,full_cube_periodic,39,41,2,D41:F41,-4262.20940972175,-903.476370917789,5000.0,135,1,A135:C135,-4262.20940972175,-903.476370917789,-5000.0,periodic,0,0,-1,Z,-0.9999999999999998
组3,full_cube_periodic,40,42,1,A42:C42,-5000.0,-1113.88857078746,3782.59616936743,456,2,D456:F456,5000.0,-1113.88857078746,3782.59616936743,periodic,1,0,0,X,-0.9999999999999999
组3,full_cube_periodic,41,43,1,A43:C43,-5000.0,-1099.7597181318,-3498.00726232382,518,2,D518:F518,5000.0,-1099.7597181318,-3498.00726232382,periodic,1,0,0,X,-1.0
组3,full_cube_periodic,42,44,1,A44:C44,-5000.0,-1032.75823239689,-3930.21641597039,405,2,D405:F405,5000.0,-1032.75823239689,-3930.21641597039,periodic,1,0,0,X,-1.0
组3,full_cube_periodic,43,45,1,A45:C45,-5000.0,-1028.65263600888,0.015221859663427,421,2,D421:F421,5000.0,-1028.65263600888,0.015221859663427,periodic,1,0,0,X,-1.0
组3,full_cube_periodic,44,46,1,A46:C46,-5000.0,-961.751027590173,3156.62516012837,447,2,D447:F447,5000.0,-961.751027590173,3156.62516012837,periodic,1,0,0,X,-1.0
组3,full_cube_periodic,45,47,1,A47:C47,-5000.0,-731.749344336892,-1448.85070583919,468,2,D468:F468,5000.0,-731.749344336892,-1448.85070583919,periodic,1,0,0,X,-1.0
组3,full_cube_periodic,46,48,1,A48:C48,-5000.0,-730.487962622236,1855.54491806651,404,2,D404:F404,5000.0,-730.487962622236,1855.54491806651,periodic,1,0,0,X,-1.0
组3,full_cube_periodic,47,49,1,A49:C49,-5000.0,-561.292731474646,2432.06024610751,418,2,D418:F418,5000.0,-561.292731474646,2432.06024610751,periodic,1,0,0,X,-1.0000000000000002
组3,full_cube_periodic,48,50,1,A50:C50,-5000.0,-514.068744165381,4019.84708744789,483,2,D483:F483,5000.0,-514.068744165381,4019.84708744789,periodic,1,0,0,X,-0.9999999999999998
组3,full_cube_periodic,49,50,2,D50:F50,-3411.10095297855,-424.909542548987,5000.0,171,1,A171:C171,-3411.10095297855,-424.909542548987,-5000.0,periodic,0,0,-1,Z,-0.9999999999999999
组3,full_cube_periodic,50,52,1,A52:C52,-5000.0,-424.768298245947,2438.90343590154,500,2,D500:F500,5000.0,-424.768298245947,2438.90343590154,periodic,1,0,0,X,-1.0
组3,full_cube_periodic,51,53,1,A53:C53,-5000.0,-283.275356566054,933.891906571597,474,2,D474:F474,5000.0,-283.275356566054,933.891906571597,periodic,1,0,0,X,-0.9999999999999999
组3,full_cube_periodic,52,55,1,A55:C55,-5000.0,-164.470951784556,-3645.76776975669,502,2,D502:F502,5000.0,-164.470951784556,-3645.76776975669,periodic,1,0,0,X,-1.0000000000000002
组3,full_cube_periodic,53,56,1,A56:C56,-5000.0,-26.7677428770708,-3530.30197874937,449,2,D449:F449,5000.0,-26.7677428770708,-3530.30197874937,periodic,1,0,0,X,-1.0
组3,full_cube_periodic,54,57,1,A57:C57,-5000.0,127.505239762082,-1252.26830164535,481,2,D481:F481,5000.0,127.505239762082,-1252.26830164535,periodic,1,0,0,X,-1.0
组3,full_cube_periodic,55,58,1,A58:C58,-5000.0,215.344816075578,-4722.96002279038,437,2,D437:F437,5000.0,215.344816075578,-4722.96002279038,periodic,1,0,0,X,-1.0
组3,full_cube_periodic,56,58,2,D58:F58,-4554.82293054323,156.107720828442,-5000.0,112,1,A112:C112,-4554.82293054323,156.107720828442,5000.0,periodic,0,0,1,Z,-0.9999999999999999
组3,full_cube_periodic,57,59,1,A59:C59,-5000.0,219.832056652714,1547.39993402217,504,2,D504:F504,5000.0,219.832056652714,1547.39993402217,periodic,1,0,0,X,-1.0
组3,full_cube_periodic,58,60,1,A60:C60,-5000.0,346.991808315544,-355.331480048224,431,2,D431:F431,5000.0,346.991808315544,-355.331480048224,periodic,1,0,0,X,-1.0
组3,full_cube_periodic,59,61,1,A61:C61,-5000.0,365.573051258324,-447.706374220298,501,2,D501:F501,5000.0,365.573051258324,-447.706374220298,periodic,1,0,0,X,-0.9999999999999999
组3,full_cube_periodic,60,62,1,A62:C62,-5000.0,598.350872167653,-242.484499556541,533,2,D533:F533,5000.0,598.350872167653,-242.484499556541,periodic,1,0,0,X,-1.0
组3,full_cube_periodic,61,63,1,A63:C63,-5000.0,749.662862224878,3843.64876445069,509,2,D509:F509,5000.0,749.662862224878,3843.64876445069,periodic,1,0,0,X,-0.9999999999999999
组3,full_cube_periodic,62,64,1,A64:C64,-5000.0,1000.775202406,1139.47708819548,463,2,D463:F463,5000.0,1000.775202406,1139.47708819548,periodic,1,0,0,X,-1.0
组3,full_cube_periodic,63,67,1,A67:C67,-5000.0,1046.11706766861,1788.56189644159,499,2,D499:F499,5000.0,1046.11706766861,1788.56189644159,periodic,1,0,0,X,-1.0
组3,full_cube_periodic,64,68,1,A68:C68,-5000.0,1194.16708449381,2524.20597801391,446,2,D446:F446,5000.0,1194.16708449381,2524.20597801391,periodic,1,0,0,X,-1.0
组3,full_cube_periodic,65,70,1,A70:C70,-5000.0,1627.86460746779,450.994674718855,519,2,D519:F519,5000.0,1627.86460746779,450.994674718855,periodic,1,0,0,X,-1.0
组3,full_cube_periodic,66,71,1,A71:C71,-5000.0,1846.30617244491,-923.970593359659,376,2,D376:F376,5000.0,1846.30617244491,-923.970593359659,periodic,1,0,0,X,-1.0
组3,full_cube_periodic,67,72,1,A72:C72,-5000.0,2079.61755137113,2353.86167246439,524,2,D524:F524,5000.0,2079.61755137113,2353.86167246439,periodic,1,0,0,X,-1.0
组3,full_cube_periodic,68,73,1,A73:C73,-5000.0,2103.41205632157,-2260.48027008985,480,2,D480:F480,5000.0,2103.41205632157,-2260.48027008985,periodic,1,0,0,X,-1.0
组3,full_cube_periodic,69,74,1,A74:C74,-5000.0,2297.16565005442,-2351.88553803245,491,2,D491:F491,5000.0,2297.16565005442,-2351.88553803245,periodic,1,0,0,X,-1.0
组3,full_cube_periodic,70,76,1,A76:C76,-5000.0,2352.95881316785,-4333.08370987709,388,2,D388:F388,5000.0,2352.95881316785,-4333.08370987709,periodic,1,0,0,X,-0.9999999999999999
组3,full_cube_periodic,71,77,1,A77:C77,-5000.0,2627.09113694637,1730.26194557632,517,2,D517:F517,5000.0,2627.09113694637,1730.26194557632,periodic,1,0,0,X,-1.0
组3,full_cube_periodic,72,78,1,A78:C78,-5000.0,2685.05139773563,-3256.3901885425,521,2,D521:F521,5000.0,2685.05139773563,-3256.3901885425,periodic,1,0,0,X,-1.0
组3,full_cube_periodic,73,78,2,D78:F78,-2620.55874300038,2573.00278259517,-5000.0,211,1,A211:C211,-2620.55874300038,2573.00278259517,5000.0,periodic,0,0,1,Z,-0.9999999999999999
组3,full_cube_periodic,74,79,1,A79:C79,-5000.0,2818.62465634076,378.700572215921,525,2,D525:F525,5000.0,2818.62465634076,378.700572215921,periodic,1,0,0,X,-0.9999999999999999
组3,full_cube_periodic,75,80,1,A80:C80,-5000.0,3028.59273721468,3838.84536454666,390,2,D390:F390,5000.0,3028.59273721468,3838.84536454666,periodic,1,0,0,X,-1.0
组3,full_cube_periodic,76,81,1,A81:C81,-5000.0,3254.23450499493,1899.31110932199,503,2,D503:F503,5000.0,3254.23450499493,1899.31110932199,periodic,1,0,0,X,-1.0
组3,full_cube_periodic,77,82,1,A82:C82,-5000.0,3411.9230946411,3287.08706342088,443,2,D443:F443,5000.0,3411.9230946411,3287.08706342088,periodic,1,0,0,X,-1.0
组3,full_cube_periodic,78,83,1,A83:C83,-5000.0,3498.43532509654,-3572.39428580983,512,2,D512:F512,5000.0,3498.43532509654,-3572.39428580983,periodic,1,0,0,X,-1.0000000000000002
组3,full_cube_periodic,79,83,2,D83:F83,-4149.95874864043,5000.0,-4293.25167629091,141,1,A141:C141,-4149.95874864043,-5000.0,-4293.25167629091,periodic,0,-1,0,Y,-1.0
组3,full_cube_periodic,80,84,1,A84:C84,-5000.0,3565.49103718811,-2132.46832683517,461,2,D461:F461,5000.0,3565.49103718811,-2132.46832683517,periodic,1,0,0,X,-1.0
组3,full_cube_periodic,81,85,1,A85:C85,-5000.0,3661.40876230168,200.799658762158,465,2,D465:F465,5000.0,3661.40876230168,200.799658762158,periodic,1,0,0,X,-1.0000000000000002
组3,full_cube_periodic,82,86,1,A86:C86,-5000.0,3806.1067662756,-3937.37836358058,516,2,D516:F516,5000.0,3806.1067662756,-3937.37836358058,periodic,1,0,0,X,-1.0
组3,full_cube_periodic,83,87,1,A87:C87,-5000.0,4268.99144661317,2473.37106164901,510,2,D510:F510,5000.0,4268.99144661317,2473.37106164901,periodic,1,0,0,X,-1.0
组3,full_cube_periodic,84,87,2,D87:F87,-3946.69720504164,5000.0,3540.84755127942,148,1,A148:C148,-3946.69720504164,-5000.0,3540.84755127942,periodic,0,-1,0,Y,-1.0
组3,full_cube_periodic,85,88,1,A88:C88,-5000.0,4321.31901781948,-3598.00449626768,513,2,D513:F513,5000.0,4321.31901781948,-3598.00449626768,periodic,1,0,0,X,-1.0
组3,full_cube_periodic,86,89,1,A89:C89,-5000.0,4516.05011482006,127.577383940598,529,2,D529:F529,5000.0,4516.05011482006,127.577383940598,periodic,1,0,0,X,-0.9999999999999998
组3,full_cube_periodic,87,90,1,A90:C90,-5000.0,4583.30546841803,-4734.57668717026,498,2,D498:F498,5000.0,4583.30546841803,-4734.57668717026,periodic,1,0,0,X,-0.9999999999999998
组3,full_cube_periodic,88,90,2,D90:F90,-4250.34906526807,4355.45710117692,-5000.0,136,1,A136:C136,-4250.34906526807,4355.45710117692,5000.0,periodic,0,0,1,Z,-1.0
组3,full_cube_periodic,89,91,1,A91:C91,-5000.0,4590.6972436687,-422.156804273222,471,2,D471:F471,5000.0,4590.6972436687,-422.156804273222,periodic,1,0,0,X,-1.0
组3,full_cube_periodic,90,92,1,A92:C92,-5000.0,4726.03596082898,3929.70319677292,424,2,D424:F424,5000.0,4726.03596082898,3929.70319677292,periodic,1,0,0,X,-0.9999999999999999
组3,full_cube_periodic,91,93,1,A93:C93,-5000.0,4917.7334003533,2912.43041845257,528,2,D528:F528,5000.0,4917.7334003533,2912.43041845257,periodic,1,0,0,X,-0.9999999999999999
组3,full_cube_periodic,92,93,2,D93:F93,-4364.3405761474,5000.0,3075.00067848884,126,1,A126:C126,-4364.3405761474,-5000.0,3075.00067848884,periodic,0,-1,0,Y,-1.0
组3,full_cube_periodic,93,94,2,D94:F94,-4139.83987317681,148.224702947496,5000.0,142,1,A142:C142,-4139.83987317681,148.224702947496,-5000.0,periodic,0,0,-1,Z,-0.9999999999999999
组3,full_cube_periodic,94,98,2,D98:F98,-4383.69077915118,605.021236298684,-5000.0,123,1,A123:C123,-4383.69077915118,605.021236298684,5000.0,periodic,0,0,1,Z,-1.0000000000000002
组3,full_cube_periodic,95,106,2,D106:F106,-4242.63293207097,5000.0,-1891.82706138378,137,1,A137:C137,-4242.63293207097,-5000.0,-1891.82706138378,periodic,0,-1,0,Y,-1.0
组3,full_cube_periodic,96,107,2,D107:F107,-1825.07983650809,-4061.56376308928,-5000.0,260,1,A260:C260,-1825.07983650809,-4061.56376308928,5000.0,periodic,0,0,1,Z,-1.0
组3,full_cube_periodic,97,114,2,D114:F114,-4275.03899601177,280.742455792943,-5000.0,134,1,A134:C134,-4275.03899601177,280.742455792943,5000.0,periodic,0,0,1,Z,-1.0
组3,full_cube_periodic,98,125,2,D125:F125,-4310.41849023409,-5000.0,-4411.12283861205,131,1,A131:C131,-4310.41849023409,5000.0,-4411.12283861205,periodic,0,1,0,Y,-1.0
组3,full_cube_periodic,99,129,2,D129:F129,-4052.34173484081,5000.0,1355.7031235774,145,1,A145:C145,-4052.34173484081,-5000.0,1355.7031235774,periodic,0,-1,0,Y,-1.0
组3,full_cube_periodic,100,131,2,D131:F131,-4291.2543332253,4599.40615360099,-5000.0,132,1,A132:C132,-4291.2543332253,4599.40615360099,5000.0,periodic,0,0,1,Z,-1.0
组3,full_cube_periodic,101,140,2,D140:F140,-3056.33359422777,999.467459856282,-5000.0,189,1,A189:C189,-3056.33359422777,999.467459856282,5000.0,periodic,0,0,1,Z,-1.0000000000000002
组3,full_cube_periodic,102,147,2,D147:F147,-3353.52228170234,-2658.59118070843,-5000.0,175,1,A175:C175,-3353.52228170234,-2658.59118070843,5000.0,periodic,0,0,1,Z,-1.0
组3,full_cube_periodic,103,149,2,D149:F149,127.47594178968,-3896.30340931817,5000.0,351,1,A351:C351,127.47594178968,-3896.30340931817,-5000.0,periodic,0,0,-1,Z,-1.0
组3,full_cube_periodic,104,152,2,D152:F152,-2318.33342960861,5000.0,3077.37824990617,229,1,A229:C229,-2318.33342960861,-5000.0,3077.37824990617,periodic,0,-1,0,Y,-1.0
组3,full_cube_periodic,105,154,2,D154:F154,-2994.47150044517,5000.0,1259.87007037014,191,1,A191:C191,-2994.47150044517,-5000.0,1259.87007037014,periodic,0,-1,0,Y,-1.0
组3,full_cube_periodic,106,155,2,D155:F155,-3543.18800486655,5000.0,1968.08629923084,164,1,A164:C164,-3543.18800486655,-5000.0,1968.08629923084,periodic,0,-1,0,Y,-0.9999999999999999
组3,full_cube_periodic,107,158,2,D158:F158,-1139.28564155133,-881.152943100944,5000.0,292,1,A292:C292,-1139.28564155133,-881.152943100944,-5000.0,periodic,0,0,-1,Z,-1.0
组3,full_cube_periodic,108,165,2,D165:F165,-1606.50179312531,-5000.0,314.908956809084,274,1,A274:C274,-1606.50179312531,5000.0,314.908956809084,periodic,0,1,0,Y,-1.0000000000000002
组3,full_cube_periodic,109,167,2,D167:F167,-2074.82170008288,2676.84055965415,5000.0,241,1,A241:C241,-2074.82170008288,2676.84055965415,-5000.0,periodic,0,0,-1,Z,-1.0000000000000002
组3,full_cube_periodic,110,168,2,D168:F168,445.692382111427,-5000.0,1744.71416539256,363,1,A363:C363,445.692382111427,5000.0,1744.71416539256,periodic,0,1,0,Y,-1.0
组3,full_cube_periodic,111,169,2,D169:F169,-3183.76253826938,-2636.9787828253,5000.0,181,1,A181:C181,-3183.76253826938,-2636.9787828253,-5000.0,periodic,0,0,-1,Z,-1.0
组3,full_cube_periodic,112,176,2,D176:F176,-2430.32442495684,2492.59944991985,5000.0,220,1,A220:C220,-2430.32442495684,2492.59944991985,-5000.0,periodic,0,0,-1,Z,-1.0
组3,full_cube_periodic,113,179,2,D179:F179,-2020.03735496558,-13.8691441656208,5000.0,245,1,A245:C245,-2020.03735496558,-13.8691441656208,-5000.0,periodic,0,0,-1,Z,-1.0000000000000002
组3,full_cube_periodic,114,184,2,D184:F184,-1987.85122394199,5000.0,114.817859327749,248,1,A248:C248,-1987.85122394199,-5000.0,114.817859327749,periodic,0,-1,0,Y,-0.9999999999999999
组3,full_cube_periodic,115,187,2,D187:F187,-2843.90956049885,-3123.85811683023,-5000.0,197,1,A197:C197,-2843.90956049885,-3123.85811683023,5000.0,periodic,0,0,1,Z,-0.9999999999999999
组3,full_cube_periodic,116,190,2,D190:F190,499.538428499835,-2299.25638439847,5000.0,368,1,A368:C368,499.538428499835,-2299.25638439847,-5000.0,periodic,0,0,-1,Z,-1.0
组3,full_cube_periodic,117,199,2,D199:F199,-2792.29860490794,-5000.0,4736.14938638688,201,1,A201:C201,-2792.29860490794,5000.0,4736.14938638688,periodic,0,1,0,Y,-1.0
组3,full_cube_periodic,118,200,2,D200:F200,363.940369207,-5000.0,-986.77375054526,358,1,A358:C358,363.940369207,5000.0,-986.77375054526,periodic,0,1,0,Y,-0.9999999999999999
组3,full_cube_periodic,119,201,2,D201:F201,-2781.39357265528,4334.48849285431,5000.0,202,1,A202:C202,-2781.39357265528,4334.48849285431,-5000.0,periodic,0,0,-1,Z,-1.0
组3,full_cube_periodic,120,203,2,D203:F203,-2152.91734216583,5000.0,4032.0536847076,238,1,A238:C238,-2152.91734216583,-5000.0,4032.0536847076,periodic,0,-1,0,Y,-0.9999999999999999
组3,full_cube_periodic,121,206,2,D206:F206,-1913.90102083919,5000.0,-528.991986408167,254,1,A254:C254,-1913.90102083919,-5000.0,-528.991986408167,periodic,0,-1,0,Y,-1.0
组3,full_cube_periodic,122,210,2,D210:F210,-2189.80705200214,-5000.0,-4650.91555074587,234,1,A234:C234,-2189.80705200214,5000.0,-4650.91555074587,periodic,0,1,0,Y,-1.0
组3,full_cube_periodic,123,212,2,D212:F212,-1723.79412288732,-10.9155985317666,5000.0,265,1,A265:C265,-1723.79412288732,-10.9155985317666,-5000.0,periodic,0,0,-1,Z,-1.0
组3,full_cube_periodic,124,214,2,D214:F214,602.993942573618,5000.0,-1324.39072059552,373,1,A373:C373,602.993942573618,-5000.0,-1324.39072059552,periodic,0,-1,0,Y,-0.9999999999999999
组3,full_cube_periodic,125,215,2,D215:F215,-921.723081166874,5000.0,2627.22017736635,306,1,A306:C306,-921.723081166874,-5000.0,2627.22017736635,periodic,0,-1,0,Y,-1.0
组3,full_cube_periodic,126,217,2,D217:F217,-2170.23239774886,-4096.64564367117,-5000.0,236,1,A236:C236,-2170.23239774886,-4096.64564367117,5000.0,periodic,0,0,1,Z,-1.0
组3,full_cube_periodic,127,219,2,D219:F219,-2033.28362992771,5000.0,-1495.90193092838,243,1,A243:C243,-2033.28362992771,-5000.0,-1495.90193092838,periodic,0,-1,0,Y,-1.0
组3,full_cube_periodic,128,226,2,D226:F226,-650.511828604231,-5000.0,1002.08725958384,317,1,A317:C317,-650.511828604231,5000.0,1002.08725958384,periodic,0,1,0,Y,-1.0
组3,full_cube_periodic,129,228,2,D228:F228,-1994.91457542075,-5000.0,4210.28056631406,246,1,A246:C246,-1994.91457542075,5000.0,4210.28056631406,periodic,0,1,0,Y,-1.0000000000000002
组3,full_cube_periodic,130,232,2,D232:F232,411.500150875135,3403.29212507181,5000.0,361,1,A361:C361,411.500150875135,3403.29212507181,-5000.0,periodic,0,0,-1,Z,-1.0
组3,full_cube_periodic,131,233,2,D233:F233,-2166.88121009537,1396.09493378098,-5000.0,237,1,A237:C237,-2166.88121009537,1396.09493378098,5000.0,periodic,0,0,1,Z,-0.9999999999999999
组3,full_cube_periodic,132,234,2,D234:F234,-2109.62246188334,4607.12071436619,-5000.0,239,1,A239:C239,-2109.62246188334,4607.12071436619,5000.0,periodic,0,0,1,Z,-1.0
组3,full_cube_periodic,133,236,2,D236:F236,-1007.60012282569,-5000.0,3090.79616140672,299,1,A299:C299,-1007.60012282569,5000.0,3090.79616140672,periodic,0,1,0,Y,-1.0
组3,full_cube_periodic,134,238,2,D238:F238,-1347.78169267974,-3126.4867109101,5000.0,285,1,A285:C285,-1347.78169267974,-3126.4867109101,-5000.0,periodic,0,0,-1,Z,-1.0
组3,full_cube_periodic,135,246,2,D246:F246,-1834.8824757604,4292.85772495863,5000.0,258,1,A258:C258,-1834.8824757604,4292.85772495863,-5000.0,periodic,0,0,-1,Z,-0.9999999999999999
组3,full_cube_periodic,136,253,2,D253:F253,1971.10566789727,4380.81451405255,-5000.0,435,1,A435:C435,1971.10566789727,4380.81451405255,5000.0,periodic,0,0,1,Z,-1.0
组3,full_cube_periodic,137,256,2,D256:F256,-1592.7428138185,5000.0,-3331.87517089938,275,1,A275:C275,-1592.7428138185,-5000.0,-3331.87517089938,periodic,0,-1,0,Y,-1.0
组3,full_cube_periodic,138,273,2,D273:F273,-949.22480432159,-5000.0,-4331.0400569523,302,1,A302:C302,-949.22480432159,5000.0,-4331.0400569523,periodic,0,1,0,Y,-1.0
组3,full_cube_periodic,139,279,2,D279:F279,356.774037270775,-732.512169948754,5000.0,357,1,A357:C357,356.774037270775,-732.512169948754,-5000.0,periodic,0,0,-1,Z,-1.0
组3,full_cube_periodic,140,281,2,D281:F281,559.91870832304,-5000.0,-209.547977391733,371,1,A371:C371,559.91870832304,5000.0,-209.547977391733,periodic,0,1,0,Y,-1.0
组3,full_cube_periodic,141,283,2,D283:F283,-777.434329676149,-5000.0,2312.15287707315,312,1,A312:C312,-777.434329676149,5000.0,2312.15287707315,periodic,0,1,0,Y,-1.0
组3,full_cube_periodic,142,294,2,D294:F294,-859.66131957779,-2117.32262155939,-5000.0,310,1,A310:C310,-859.66131957779,-2117.32262155939,5000.0,periodic,0,0,1,Z,-1.0
组3,full_cube_periodic,143,303,2,D303:F303,778.809805718535,-5000.0,-3395.28955843804,378,1,A378:C378,778.809805718535,5000.0,-3395.28955843804,periodic,0,1,0,Y,-0.9999999999999999
组3,full_cube_periodic,144,304,2,D304:F304,-885.05274629301,-5000.0,-1223.84486893666,309,1,A309:C309,-885.05274629301,5000.0,-1223.84486893666,periodic,0,1,0,Y,-1.0
组3,full_cube_periodic,145,313,2,D313:F313,1531.21178765571,3207.76701415233,5000.0,410,1,A410:C410,1531.21178765571,3207.76701415233,-5000.0,periodic,0,0,-1,Z,-1.0
组3,full_cube_periodic,146,319,2,D319:F319,-9.33664821784089,-164.572020328917,5000.0,347,1,A347:C347,-9.33664821784089,-164.572020328917,-5000.0,periodic,0,0,-1,Z,-0.9999999999999998
组3,full_cube_periodic,147,323,2,D323:F323,1578.72833284756,4676.42747672536,-5000.0,416,1,A416:C416,1578.72833284756,4676.42747672536,5000.0,periodic,0,0,1,Z,-0.9999999999999999
组3,full_cube_periodic,148,334,2,D334:F334,-329.180988389027,-29.0710892014554,-5000.0,337,1,A337:C337,-329.180988389027,-29.0710892014554,5000.0,periodic,0,0,1,Z,-1.0
组3,full_cube_periodic,149,336,2,D336:F336,2749.70994887475,4109.09927983667,-5000.0,467,1,A467:C467,2749.70994887475,4109.09927983667,5000.0,periodic,0,0,1,Z,-1.0
组3,full_cube_periodic,150,344,2,D344:F344,458.134127585559,-5000.0,-1619.36362320694,364,1,A364:C364,458.134127585559,5000.0,-1619.36362320694,periodic,0,1,0,Y,-1.0
组3,full_cube_periodic,151,348,2,D348:F348,276.483792974385,678.423357603801,-5000.0,356,1,A356:C356,276.483792974385,678.423357603801,5000.0,periodic,0,0,1,Z,-0.9999999999999999
组3,full_cube_periodic,152,352,2,D352:F352,1092.30143225638,5000.0,3939.49912249388,393,1,A393:C393,1092.30143225638,-5000.0,3939.49912249388,periodic,0,-1,0,Y,-1.0
组3,full_cube_periodic,153,354,2,D354:F354,1610.86558347968,5000.0,-1215.93292663453,420,1,A420:C420,1610.86558347968,-5000.0,-1215.93292663453,periodic,0,-1,0,Y,-1.0
组3,full_cube_periodic,154,362,2,D362:F362,550.791036340347,5000.0,391.862656336074,370,1,A370:C370,550.791036340347,-5000.0,391.862656336074,periodic,0,-1,0,Y,-1.0
组3,full_cube_periodic,155,367,2,D367:F367,1272.65192829093,540.164539797207,-5000.0,397,1,A397:C397,1272.65192829093,540.164539797207,5000.0,periodic,0,0,1,Z,-1.0
组3,full_cube_periodic,156,377,2,D377:F377,1544.6530312542,-5000.0,-1435.58005570366,412,1,A412:C412,1544.6530312542,5000.0,-1435.58005570366,periodic,0,1,0,Y,-1.0
组3,full_cube_periodic,157,385,2,D385:F385,1120.54013397706,-5000.0,3344.99595943283,394,1,A394:C394,1120.54013397706,5000.0,3344.99595943283,periodic,0,1,0,Y,-0.9999999999999998
组3,full_cube_periodic,158,401,2,D401:F401,1972.03530513979,-2440.35333038349,-5000.0,436,1,A436:C436,1972.03530513979,-2440.35333038349,5000.0,periodic,0,0,1,Z,-1.0
组3,full_cube_periodic,159,402,2,D402:F402,1755.97322242223,5000.0,2696.22245912123,427,1,A427:C427,1755.97322242223,-5000.0,2696.22245912123,periodic,0,-1,0,Y,-1.0000000000000002
组3,full_cube_periodic,160,403,2,D403:F403,1472.63083146869,-3691.5600927685,-5000.0,409,1,A409:C409,1472.63083146869,-3691.5600927685,5000.0,periodic,0,0,1,Z,-1.0
组3,full_cube_periodic,161,408,2,D408:F408,2389.1003916357,-594.534061345262,-5000.0,450,1,A450:C450,2389.1003916357,-594.534061345262,5000.0,periodic,0,0,1,Z,-1.0
组3,full_cube_periodic,162,409,2,D409:F409,1558.98111113677,-5000.0,4601.42214993779,414,1,A414:C414,1558.98111113677,5000.0,4601.42214993779,periodic,0,1,0,Y,-0.9999999999999999
组3,full_cube_periodic,163,419,2,D419:F419,2205.66157082781,-5000.0,2709.39855694187,441,1,A441:C441,2205.66157082781,5000.0,2709.39855694187,periodic,0,1,0,Y,-1.0
组3,full_cube_periodic,164,422,2,D422:F422,3494.54286652056,5000.0,1257.76926303324,490,1,A490:C490,3494.54286652056,-5000.0,1257.76926303324,periodic,0,-1,0,Y,-1.0
组3,full_cube_periodic,165,425,2,D425:F425,1956.60636853448,-5000.0,4224.96559863317,434,1,A434:C434,1956.60636853448,5000.0,4224.96559863317,periodic,0,1,0,Y,-0.9999999999999999
组3,full_cube_periodic,166,426,2,D426:F426,4430.11098840597,-5000.0,77.3087692586194,529,1,A529:C529,4430.11098840597,5000.0,77.3087692586194,periodic,0,1,0,Y,-0.9999999999999999
组3,full_cube_periodic,167,428,2,D428:F428,2308.21104448534,-1597.823544557,-5000.0,447,1,A447:C447,2308.21104448534,-1597.823544557,5000.0,periodic,0,0,1,Z,-1.0
组3,full_cube_periodic,168,429,2,D429:F429,2644.768876885,-1443.52713778499,-5000.0,460,1,A460:C460,2644.768876885,-1443.52713778499,5000.0,periodic,0,0,1,Z,-1.0
组3,full_cube_periodic,169,433,2,D433:F433,4116.20353736329,-1155.42203826977,5000.0,515,1,A515:C515,4116.20353736329,-1155.42203826977,-5000.0,periodic,0,0,-1,Z,-1.0
组3,full_cube_periodic,170,440,2,D440:F440,2811.35728923145,-5000.0,106.129939832887,471,1,A471:C471,2811.35728923145,5000.0,106.129939832887,periodic,0,1,0,Y,-0.9999999999999999
组3,full_cube_periodic,171,442,2,D442:F442,2842.08931410852,-3776.52915494674,-5000.0,472,1,A472:C472,2842.08931410852,-3776.52915494674,5000.0,periodic,0,0,1,Z,-0.9999999999999999
组3,full_cube_periodic,172,444,2,D444:F444,2599.84808578285,5000.0,-3453.82469485497,459,1,A459:C459,2599.84808578285,-5000.0,-3453.82469485497,periodic,0,-1,0,Y,-0.9999999999999999
组3,full_cube_periodic,173,453,2,D453:F453,3077.34290090167,431.497648713124,-5000.0,477,1,A477:C477,3077.34290090167,431.497648713124,5000.0,periodic,0,0,1,Z,-1.0000000000000002
组3,full_cube_periodic,174,469,2,D469:F469,3618.82653707032,-5000.0,-3859.51850674994,497,1,A497:C497,3618.82653707032,5000.0,-3859.51850674994,periodic,0,1,0,Y,-0.9999999999999999
组3,full_cube_periodic,175,475,2,D475:F475,3585.07779964407,-5000.0,-2721.12122547492,495,1,A495:C495,3585.07779964407,5000.0,-2721.12122547492,periodic,0,1,0,Y,-0.9999999999999999
组3,full_cube_periodic,176,476,2,D476:F476,3462.77599720371,5000.0,-1569.82806180915,488,1,A488:C488,3462.77599720371,-5000.0,-1569.82806180915,periodic,0,-1,0,Y,-1.0
组3,full_cube_periodic,177,494,2,D494:F494,3594.70813274764,-679.216648260341,5000.0,496,1,A496:C496,3594.70813274764,-679.216648260341,-5000.0,periodic,0,0,-1,Z,-1.0000000000000002
组3,full_cube_periodic,178,505,2,D505:F505,4523.28809233018,5000.0,-4039.04505271087,534,1,A534:C534,4523.28809233018,-5000.0,-4039.04505271087,periodic,0,-1,0,Y,-0.9999999999999999
