n_a,n_b,successes,trials,estimate,cost_weight,cost_yuan,a_cost_yuan,b_cost_yuan,a_volume_um3,b_volume_um3,total_volume_um3,a_volume_percent,b_volume_percent,total_volume_percent,cp_one_sided_95_lower,cp_one_sided_family_lower,family_size
612,12,45000,50000,0.9,347772,9.104649669368579,9.084543476385605,0.020106192982974676,8.651946167986289,0.4021238596594936,9.054070027645782,0.8651946167986289,0.04021238596594936,0.9054070027645782,0.8977660037689393,0.8977660037689393,1
613,4,45002,50000,0.90004,347827,9.106089566001474,9.099387501673815,0.006702064327658225,8.666083334927443,0.13404128655316452,8.800124621480608,0.8666083334927442,0.013404128655316452,0.8800124621480607,0.8978063943843658,0.8978063943843658,1
611,24,45007,50000,0.90014,347973,9.109911837063342,9.069699451097392,0.04021238596594935,8.637809001045134,0.8042477193189872,9.442056720364121,0.8637809001045135,0.08042477193189872,0.9442056720364121,0.8979073713999849,0.8979073713999849,1
609,42,45002,50000,0.90004,347991,9.11038307596138,9.040011400520969,0.07037167544041137,8.609534667162826,1.4074335088082275,10.016968175971053,0.8609534667162826,0.14074335088082277,1.0016968175971053,0.8978063943843658,0.8978063943843658,1
608,51,45005,50000,0.9001,348000,9.1106186954104,9.025167375232757,0.08545132017764237,8.595397500221672,1.7090264035528477,10.30442390377452,0.8595397500221672,0.17090264035528477,1.030442390377452,0.8978669805119213,0.8978669805119213,1
610,35,45012,50000,0.90024,348110,9.113498488676191,9.054855425809182,0.05864306286700947,8.62367183410398,1.1728612573401895,9.79653309144417,0.8623671834103981,0.11728612573401895,0.979653309144417,0.8980083490978338,0.8980083490978338,1
607,63,45007,50000,0.90014,348201,9.115880863105163,9.010323349944546,0.10555751316061704,8.581260333280518,2.111150263212341,10.69241059649286,0.8581260333280518,0.2111150263212341,1.0692410596492858,0.8979073713999849,0.8979073713999849,1
614,1,45062,50000,0.90124,348202,9.115907043043942,9.114231526962028,0.0016755160819145562,8.680220501868597,0.03351032163829113,8.713730823506888,0.8680220501868597,0.003351032163829113,0.8713730823506887,0.899018163800744,0.899018163800744,1
606,73,45008,50000,0.90016,348274,9.117791998636097,8.995479324656333,0.1223126739797626,8.567123166339364,2.4462534795952524,11.013376645934617,0.8567123166339364,0.24462534795952523,1.1013376645934618,0.8979275668849466,0.8979275668849466,1
605,83,45009,50000,0.90018,348347,9.11970313416703,8.980635299368123,0.13906783479890816,8.55298599939821,2.7813566959781637,11.334342695376375,0.8552985999398209,0.2781356695978164,1.1334342695376374,0.8979477623972059,0.8979477623972059,1
604,93,45001,50000,0.90002,348420,9.121614269697965,8.96579127407991,0.15582299561805374,8.538848832457056,3.116459912361075,11.65530874481813,0.8538848832457057,0.3116459912361075,1.1655308744818131,0.8977861990630301,0.8977861990630301,1
603,105,45005,50000,0.9001,348621,9.126876437392728,8.950947248791698,0.1759291886010284,8.524711665515902,3.518583772020569,12.043295437536472,0.8524711665515902,0.35185837720205687,1.2043295437536472,0.8978669805119213,0.8978669805119213,1
602,115,45013,50000,0.90026,348694,9.128787572923661,8.936103223503487,0.19268434942017396,8.510574498574748,3.85368698840348,12.364261486978227,0.8510574498574748,0.385368698840348,1.2364261486978227,0.8980285447193513,0.8980285447193513,1
601,125,45000,50000,0.9,348767,9.130698708454595,8.921259198215274,0.20943951023931953,8.496437331633594,4.188790204786391,12.685227536419985,0.8496437331633594,0.4188790204786391,1.2685227536419985,0.8977660037689393,0.8977660037689393,1
615,1,45166,50000,0.90332,348769,9.130751068332154,9.12907555225024,0.0016755160819145562,8.69435766880975,0.03351032163829113,8.727867990448042,0.869435766880975,0.003351032163829113,0.8727867990448042,0.9011188012687312,0.9011188012687312,1
600,135,45007,50000,0.90014,348840,9.132609843985529,8.906415172927064,0.22619467105846508,8.48230016469244,4.523893421169302,13.006193585861741,0.848230016469244,0.4523893421169302,1.300619358586174,0.8979073713999849,0.8979073713999849,1
599,146,45003,50000,0.90006,348977,9.136196495598377,8.891571147638851,0.2446253479595252,8.468162997751286,4.892506959190505,13.360669956941791,0.8468162997751285,0.48925069591905046,1.3360669956941793,0.897826589732955,0.897826589732955,1
598,155,45008,50000,0.90016,348986,9.136432115047395,8.876727122350639,0.25970499269675623,8.454025830810131,5.194099853935125,13.648125684745256,0.8454025830810131,0.5194099853935125,1.3648125684745258,0.8979275668849466,0.8979275668849466,1
597,165,45002,50000,0.90004,349059,9.138343250578329,8.861883097062428,0.2764601535159018,8.43988866386898,5.529203070318037,13.969091734187016,0.843988866386898,0.5529203070318036,1.3969091734187016,0.8978063943843658,0.8978063943843658,1
596,177,45001,50000,0.90002,349260,9.143605418273092,8.847039071774216,0.2965663464988765,8.425751496927825,5.93132692997753,14.357078426905355,0.8425751496927825,0.593132692997753,1.4357078426905354,0.8977861990630301,0.8977861990630301,1
595,187,45000,50000,0.9,349333,9.145516553804026,8.832195046486005,0.313321507318022,8.411614329986671,6.266430146360442,14.678044476347113,0.8411614329986671,0.6266430146360442,1.4678044476347114,0.8977660037689393,0.8977660037689393,1
616,1,45256,50000,0.90512,349336,9.145595093620367,9.143919577538451,0.0016755160819145562,8.708494835750905,0.03351032163829113,8.742005157389196,0.8708494835750905,0.003351032163829113,0.8742005157389195,0.9029369090858288,0.9029369090858288,1
594,197,45009,50000,0.90018,349406,9.14742768933496,8.817351021197792,0.3300766681371676,8.397477163045517,6.601533362743353,14.999010525788869,0.8397477163045517,0.6601533362743353,1.499901052578887,0.8979477623972059,0.8979477623972059,1
593,206,45007,50000,0.90014,349415,9.14766330878398,8.80250699590958,0.3451563128743986,8.383339996104363,6.903126257487973,15.286466253592335,0.8383339996104363,0.6903126257487973,1.5286466253592335,0.8979073713999849,0.8979073713999849,1
592,216,45001,50000,0.90002,349488,9.149574444314913,8.78766297062137,0.36191147369354415,8.369202829163209,7.238229473870884,15.607432303034093,0.8369202829163208,0.7238229473870884,1.5607432303034092,0.8977861990630301,0.8977861990630301,1
591,227,45006,50000,0.90012,349625,9.15316109592776,8.772818945333157,0.38034215059460424,8.355065662222055,7.606843011892087,15.961908674114142,0.8355065662222055,0.7606843011892087,1.5961908674114142,0.8978871759423113,0.8978871759423113,1
590,237,45011,50000,0.90022,349698,9.155072231458695,8.757974920044946,0.3970973114137498,8.3409284952809,7.941946228274998,16.2828747235559,0.83409284952809,0.7941946228274998,1.6282874723555898,0.8979881535036419,0.8979881535036419,1
589,247,45005,50000,0.9001,349771,9.156983366989628,8.743130894756733,0.4138524722328954,8.326791328339747,8.277049444657909,16.603840772997657,0.8326791328339747,0.8277049444657908,1.6603840772997658,0.8978669805119213,0.8978669805119213,1
617,1,45346,50000,0.90692,349903,9.160439118908577,9.158763602826664,0.0016755160819145562,8.722632002692059,0.03351032163829113,8.75614232433035,0.8722632002692059,0.003351032163829113,0.875614232433035,0.9047552536282903,0.9047552536282903,1
588,260,45001,50000,0.90002,350036,9.163921050766307,8.728286869468521,0.43563418129778464,8.312654161398592,8.712683625955695,17.02533778735429,0.8312654161398592,0.8712683625955694,1.7025337787354287,0.8977861990630301,0.8977861990630301,1
587,272,45008,50000,0.90016,350237,9.16918321846107,8.71344284418031,0.4557403742807593,8.298516994457438,9.114807485615188,17.413324480072625,0.8298516994457439,0.9114807485615188,1.7413324480072625,0.8979275668849466,0.8979275668849466,1
586,284,45002,50000,0.90004,350438,9.174445386155833,8.698598818892098,0.475846567263734,8.284379827516284,9.516931345274681,17.801311172790967,0.8284379827516284,0.9516931345274682,1.7801311172790968,0.8978063943843658,0.8978063943843658,1
618,1,45458,50000,0.90916,350470,9.17528314419679,9.173607628114874,0.0016755160819145562,8.736769169633213,0.03351032163829113,8.770279491271504,0.8736769169633213,0.003351032163829113,0.8770279491271503,0.907018422343078,0.907018422343078,1
585,295,45004,50000,0.90008,350575,9.17803203776868,8.683754793603887,0.49427724416479407,8.27024266057513,9.885544883295884,18.155787543871014,0.827024266057513,0.9885544883295884,1.8155787543871016,0.8978467851088042,0.8978467851088042,1
584,304,45006,50000,0.90012,350584,9.1782676572177,8.668910768315675,0.5093568889020251,8.256105493633976,10.187137778040503,18.44324327167448,0.8256105493633976,1.0187137778040503,1.844324327167448,0.8978871759423113,0.8978871759423113,1
583,315,45006,50000,0.90012,350721,9.181854308830548,8.654066743027462,0.5277875658030852,8.241968326692822,10.555751316061706,18.79771964275453,0.8241968326692822,1.0555751316061706,1.879771964275453,0.8978871759423113,0.8978871759423113,1
582,325,45011,50000,0.90022,350794,9.183765444361482,8.639222717739251,0.5445427266222308,8.227831159751668,10.890854532444617,19.118685692196287,0.8227831159751667,1.0890854532444616,1.9118685692196287,0.8979881535036419,0.8979881535036419,1
581,336,45006,50000,0.90012,350931,9.18735209597433,8.624378692451039,0.562973403523291,8.213693992810514,11.25946807046582,19.473162063276334,0.8213693992810515,1.1259468070465821,1.9473162063276335,0.8978871759423113,0.8978871759423113,1
580,346,45015,50000,0.9003,351004,9.189263231505263,8.609534667162828,0.5797285643424365,8.19955682586936,11.594571286848732,19.79412811271809,0.819955682586936,1.1594571286848732,1.9794128112718092,0.8980689360443921,0.8980689360443921,1
619,1,45558,50000,0.91116,351037,9.190127169485,9.188451653403087,0.0016755160819145562,8.750906336574367,0.03351032163829113,8.784416658212658,0.8750906336574367,0.003351032163829113,0.8784416658212658,0.9090394368003076,0.9090394368003076,1
579,358,45005,50000,0.9001,351205,9.194525399200026,8.594690641874616,0.5998347573254111,8.185419658928206,11.996695146508225,20.18211480543643,0.8185419658928206,1.1996695146508225,2.018211480543643,0.8978669805119213,0.8978669805119213,1
578,373,45005,50000,0.9001,351598,9.204814115140534,8.579846616586405,0.6249674985541295,8.171282491987052,12.499349971082593,20.670632463069644,0.8171282491987051,1.2499349971082592,2.0670632463069647,0.8978669805119213,0.8978669805119213,1
577,382,45001,50000,0.90002,351607,9.205049734589553,8.565002591298192,0.6400471432913605,8.157145325045898,12.800942865827212,20.95808819087311,0.8157145325045898,1.2800942865827212,2.0958088190873108,0.8977861990630301,0.8977861990630301,1
576,396,45002,50000,0.90004,351936,9.213662934448145,8.55015856600998,0.6635043684381643,8.143008158104744,13.270087368763289,21.413095526868034,0.8143008158104743,1.3270087368763288,2.141309552686803,0.8978063943843658,0.8978063943843658,1
575,406,45004,50000,0.90008,352009,9.215574069979079,8.53531454072177,0.6802595292573098,8.12887099116359,13.605190585146199,21.734061576309788,0.8128870991163589,1.3605190585146199,2.173406157630979,0.8978467851088042,0.8978467851088042,1
574,416,45002,50000,0.90004,352082,9.217485205510012,8.520470515433557,0.6970146900764554,8.114733824222435,13.94029380152911,22.055027625751546,0.8114733824222435,1.3940293801529111,2.2055027625751547,0.8978063943843658,0.8978063943843658,1
573,427,45000,50000,0.9,352219,9.22107185712286,8.505626490145346,0.7154453669775155,8.100596657281281,14.308907339550313,22.409503996831596,0.8100596657281282,1.4308907339550312,2.2409503996831597,0.8977660037689393,0.8977660037689393,1
572,441,45015,50000,0.9003,352548,9.229685056981452,8.490782464857134,0.7389025921243193,8.086459490340127,14.77805184248639,22.864511332826517,0.8086459490340127,1.4778051842486388,2.286451133282652,0.8980689360443921,0.8980689360443921,1
571,450,45010,50000,0.9002,352557,9.229920676430472,8.475938439568921,0.7539822368615503,8.072322323398973,15.079644737231009,23.151967060629982,0.8072322323398974,1.5079644737231008,2.315196706062998,0.8979679579367683,0.8979679579367683,1
570,459,45000,50000,0.9,352566,9.23015629587949,8.46109441428071,0.7690618815987813,8.058185156457819,15.38123763197563,23.439422788433447,0.8058185156457819,1.538123763197563,2.343942278843345,0.8977660037689393,0.8977660037689393,1
569,470,45009,50000,0.90018,352703,9.23374294749234,8.446250388992498,0.7874925584998415,8.044047989516665,15.749851169996832,23.793899159513497,0.8044047989516665,1.5749851169996831,2.3793899159513496,0.8979477623972059,0.8979477623972059,1
568,482,45002,50000,0.90004,352904,9.239005115187103,8.431406363704287,0.8075987514828161,8.029910822575511,16.151975029656324,24.181885852231837,0.802991082257551,1.6151975029656322,2.4181885852231835,0.8978063943843658,0.8978063943843658,1
567,493,45002,50000,0.90004,353041,9.24259176679995,8.416562338416075,0.8260294283838763,8.015773655634357,16.520588567677528,24.536362223311883,0.8015773655634357,1.6520588567677528,2.4536362223311885,0.8978063943843658,0.8978063943843658,1
566,504,45003,50000,0.90006,353178,9.2461784184128,8.401718313127862,0.8444601052849363,8.001636488693203,16.88920210569873,24.89083859439193,0.8001636488693202,1.6889202105698728,2.489083859439193,0.897826589732955,0.897826589732955,1
565,516,45002,50000,0.90004,353379,9.251440586107561,8.386874287839651,0.864566298267911,7.987499321752048,17.291325965358222,25.27882528711027,0.7987499321752047,1.7291325965358222,2.527882528711027,0.8978063943843658,0.8978063943843658,1
564,528,45010,50000,0.9002,353580,9.256702753802324,8.372030262551439,0.8846724912508857,7.973362154810894,17.693449825017716,25.66681197982861,0.7973362154810895,1.7693449825017715,2.5666811979828608,0.8979679579367683,0.8979679579367683,1
563,538,45004,50000,0.90008,353653,9.258613889333258,8.357186237263228,0.9014276520700313,7.95922498786974,18.028553041400627,25.987778029270366,0.795922498786974,1.8028553041400628,2.5987778029270365,0.8978467851088042,0.8978467851088042,1
562,547,45004,50000,0.90008,353662,9.258849508782278,8.342342211975016,0.9165072968072623,7.945087820928586,18.33014593614525,26.275233757073835,0.7945087820928586,1.833014593614525,2.6275233757073835,0.8978467851088042,0.8978467851088042,1
561,557,45007,50000,0.90014,353735,9.260760644313212,8.327498186686803,0.9332624576264078,7.9309506539874315,18.66524915252816,26.59619980651559,0.7930950653987432,1.8665249152528158,2.659619980651559,0.8979073713999849,0.8979073713999849,1
560,566,45010,50000,0.9002,353744,9.26099626376223,8.312654161398592,0.9483421023636388,7.916813487046277,18.96684204727278,26.883655534319058,0.7916813487046278,1.896684204727278,2.6883655534319058,0.8979679579367683,0.8979679579367683,1
559,576,45009,50000,0.90018,353817,9.262907399293164,8.29781013611038,0.9650972631827844,7.902676320105123,19.301945263655693,27.204621583760815,0.7902676320105123,1.9301945263655693,2.7204621583760815,0.8979477623972059,0.8979477623972059,1
558,587,45011,50000,0.90022,353954,9.266494050906013,8.28296611082217,0.9835279400838445,7.888539153163969,19.670558801676894,27.559097954840862,0.7888539153163969,1.9670558801676894,2.755909795484086,0.8979881535036419,0.8979881535036419,1
557,598,45017,50000,0.90034,354091,9.270080702518861,8.268122085533957,1.0019586169849046,7.874401986222815,20.039172339698098,27.913574325920912,0.7874401986222815,2.0039172339698097,2.791357432592091,0.8981093274788239,0.8981093274788239,1
556,607,45001,50000,0.90002,354100,9.270316321967881,8.253278060245744,1.0170382617221356,7.860264819281661,20.340765234442717,28.201030053724377,0.7860264819281662,2.0340765234442717,2.8201030053724376,0.8977861990630301,0.8977861990630301,1
555,618,45001,50000,0.90002,354237,9.273902973580729,8.238434034957534,1.0354689386231957,7.846127652340507,20.709378772463918,28.555506424804424,0.7846127652340507,2.070937877246392,2.8555506424804427,0.8977861990630301,0.8977861990630301,1
554,630,45001,50000,0.90002,354438,9.279165141275492,8.223590009669321,1.0555751316061703,7.831990485399354,21.11150263212341,28.943493117522763,0.7831990485399354,2.111150263212341,2.894349311752276,0.8977861990630301,0.8977861990630301,1
553,642,45006,50000,0.90012,354639,9.284427308970255,8.20874598438111,1.075681324589145,7.8178533184582,21.513626491782905,29.331479810241106,0.78178533184582,2.1513626491782905,2.933147981024111,0.8978871759423113,0.8978871759423113,1
552,652,45003,50000,0.90006,354712,9.286338444501189,8.193901959092898,1.0924364854082906,7.803716151517046,21.848729708165816,29.652445859682864,0.7803716151517045,2.1848729708165817,2.965244585968286,0.897826589732955,0.897826589732955,1
551,665,45013,50000,0.90026,354977,9.293276128277865,8.179057933804685,1.11421819447318,7.789578984575892,22.284363889463602,30.073942874039496,0.7789578984575892,2.2284363889463603,3.007394287403949,0.8980285447193513,0.8980285447193513,1
550,675,45002,50000,0.90004,355050,9.2951872638088,8.164213908516475,1.1309733552923256,7.7754418176347375,22.619467105846514,30.394908923481253,0.7775441817634737,2.2619467105846516,3.0394908923481254,0.8978063943843658,0.8978063943843658,1
549,688,45006,50000,0.90012,355315,9.302124947585478,8.149369883228262,1.1527550643572146,7.761304650693583,23.055101287144296,30.816405937837878,0.7761304650693583,2.3055101287144297,3.0816405937837876,0.8978871759423113,0.8978871759423113,1
548,699,45004,50000,0.90008,355452,9.305711599198325,8.134525857940051,1.171185741258275,7.747167483752429,23.4237148251655,31.170882308917932,0.7747167483752428,2.3423714825165503,3.117088230891793,0.8978467851088042,0.8978467851088042,1
547,710,45002,50000,0.90004,355589,9.309298250811175,8.119681832651839,1.189616418159335,7.733030316811275,23.7923283631867,31.52535867999798,0.7733030316811276,2.3792328363186703,3.152535867999798,0.8978063943843658,0.8978063943843658,1
545,730,45001,50000,0.90002,355735,9.313120521873042,8.089993782075416,1.223126739797626,7.704755982928967,24.462534795952525,32.167290778881494,0.7704755982928967,2.4462534795952524,3.216729077888149,0.8977861990630301,0.8977861990630301,1
546,722,45002,50000,0.90004,355790,9.314560418505938,8.104837807363626,1.2097226111423096,7.718893149870121,24.194452222846195,31.913345372716314,0.7718893149870121,2.4194452222846192,3.191334537271631,0.8978063943843658,0.8978063943843658,1
544,740,45007,50000,0.90014,355808,9.315031657403976,8.075149756787203,1.2398819006167716,7.690618815987813,24.797638012335437,32.48825682832325,0.7690618815987813,2.4797638012335437,3.248825682832325,0.8979073713999849,0.8979073713999849,1
543,752,45006,50000,0.90012,356009,9.320293825098739,8.060305731498993,1.2599880935997463,7.676481649046659,25.19976187199493,32.87624352104159,0.7676481649046659,2.519976187199493,3.287624352104159,0.8978871759423113,0.8978871759423113,1
542,764,45005,50000,0.9001,356210,9.325555992793502,8.04546170621078,1.280094286582721,7.662344482105505,25.601885731654423,33.26423021375993,0.7662344482105504,2.5601885731654423,3.326423021375993,0.8978669805119213,0.8978669805119213,1
541,776,45007,50000,0.90014,356411,9.330818160488263,8.03061768092257,1.3002004795656956,7.648207315164351,26.004009591313917,33.652216906478266,0.7648207315164351,2.6004009591313917,3.3652216906478265,0.8979073713999849,0.8979073713999849,1
540,787,45006,50000,0.90012,356548,9.334404812101113,8.015773655634357,1.3186311564667557,7.634070148223197,26.37262312933512,34.00669327755832,0.7634070148223197,2.637262312933512,3.400669327755832,0.8978871759423113,0.8978871759423113,1
539,800,45001,50000,0.90002,356813,9.34134249587779,8.000929630346144,1.340412865531645,7.619932981282043,26.808257310632904,34.428190291914945,0.7619932981282043,2.6808257310632904,3.442819029191494,0.8977861990630301,0.8977861990630301,1
538,812,45000,50000,0.9,357014,9.346604663572553,7.986085605057933,1.3605190585146196,7.605795814340889,27.210381170292397,34.81617698463329,0.7605795814340888,2.7210381170292397,3.481617698463329,0.8977660037689393,0.8977660037689393,1
537,826,45010,50000,0.9002,357343,9.355217863431145,7.971241579769721,1.3839762836614236,7.5916586473997345,27.679525673228476,35.27118432062821,0.7591658647399735,2.7679525673228476,3.527118432062821,0.8979679579367683,0.8979679579367683,1
536,839,45010,50000,0.9002,357608,9.362155547207822,7.9563975544815095,1.4057579927263126,7.57752148045858,28.115159854526258,35.69268133498484,0.757752148045858,2.811515985452626,3.569268133498484,0.8979679579367683,0.8979679579367683,1
535,851,45006,50000,0.90012,357809,9.367417714902585,7.941553529193298,1.4258641857092873,7.563384313517426,28.51728371418575,36.080668027703176,0.7563384313517426,2.851728371418575,3.6080668027703178,0.8978871759423113,0.8978871759423113,1
534,863,45002,50000,0.90004,358010,9.372679882597348,7.926709503905086,1.445970378692262,7.549247146576272,28.919407573845245,36.46865472042152,0.7549247146576272,2.891940757384525,3.646865472042152,0.8978063943843658,0.8978063943843658,1
533,873,45012,50000,0.90024,358083,9.374591018128282,7.911865478616875,1.4627255395114076,7.535109979635118,29.254510790228156,36.78962076986328,0.7535109979635118,2.9254510790228156,3.678962076986328,0.8980083490978338,0.8980083490978338,1
532,885,45003,50000,0.90006,358284,9.379853185823045,7.897021453328662,1.4828317324943823,7.520972812693964,29.65663464988765,37.17760746258161,0.7520972812693963,2.965663464988765,3.717760746258161,0.897826589732955,0.897826589732955,1
531,900,45010,50000,0.9002,358677,9.39014190176355,7.882177428040451,1.5079644737231006,7.50683564575281,30.159289474462017,37.66612512021483,0.7506835645752811,3.0159289474462017,3.766612512021483,0.8979679579367683,0.8979679579367683,1
530,911,45002,50000,0.90004,358814,9.3937285533764,7.867333402752239,1.5263951506241606,7.492698478811656,30.527903012483222,38.020601491294876,0.7492698478811656,3.052790301248322,3.8020601491294874,0.8978063943843658,0.8978063943843658,1
529,923,45003,50000,0.90006,359015,9.398990721071163,7.852489377464027,1.5465013436071353,7.478561311870502,30.930026872142715,38.40858818401322,0.7478561311870502,3.0930026872142715,3.840858818401322,0.897826589732955,0.897826589732955,1
528,935,45000,50000,0.9,359216,9.404252888765926,7.837645352175816,1.56660753659011,7.464424144929348,31.33215073180221,38.796574876731555,0.7464424144929347,3.133215073180221,3.8796574876731555,0.8977660037689393,0.8977660037689393,1
527,948,45008,50000,0.90016,359481,9.411190572542603,7.822801326887603,1.5883892456549993,7.450286977988194,31.76778491309999,39.21807189108819,0.7450286977988194,3.176778491309999,3.921807189108818,0.8979275668849466,0.8979275668849466,1
526,959,45002,50000,0.90004,359618,9.41477722415545,7.807957301599392,1.6068199225560595,7.43614981104704,32.136398451121195,39.57254826216823,0.7436149811047039,3.2136398451121195,3.9572548262168232,0.8978063943843658,0.8978063943843658,1
525,970,45002,50000,0.90004,359755,9.4183638757683,7.79311327631118,1.6252505994571196,7.422012644105886,32.505011989142396,39.92702463324828,0.7422012644105885,3.2505011989142396,3.992702463324828,0.8978063943843658,0.8978063943843658,1
524,983,45006,50000,0.90012,360020,9.425301559544977,7.7782692510229685,1.6470323085220089,7.4078754771647315,32.94064617044018,40.34852164760491,0.7407875477164731,3.294064617044018,4.034852164760491,0.8978871759423113,0.8978871759423113,1
523,996,45014,50000,0.90028,360285,9.432239243321655,7.763425225734757,1.668814017586898,7.393738310223577,33.37628035173797,40.770018661961544,0.7393738310223578,3.337628035173797,4.077001866196154,0.8980487403682019,0.8980487403682019,1
522,1008,45010,50000,0.9002,360486,9.437501411016418,7.748581200446544,1.6889202105698726,7.379601143282423,33.77840421139746,41.15800535467988,0.7379601143282423,3.3778404211397457,4.115800535467988,0.8979679579367683,0.8979679579367683,1
521,1022,45003,50000,0.90006,360815,9.446114610875009,7.733737175158333,1.7123774357166766,7.365463976341269,34.24754871433353,41.6130126906748,0.736546397634127,3.4247548714333536,4.16130126906748,0.897826589732955,0.897826589732955,1
520,1033,45004,50000,0.90008,360952,9.449701262487858,7.718893149870121,1.7308081126177366,7.351326809400115,34.61616225235474,41.967489061754854,0.7351326809400115,3.4616162252354745,4.196748906175485,0.8978467851088042,0.8978467851088042,1
519,1044,45004,50000,0.90008,361089,9.453287914100706,7.70404912458191,1.7492387895187966,7.337189642458961,34.98477579037594,42.3219654328349,0.7337189642458961,3.498477579037594,4.23219654328349,0.8978467851088042,0.8978467851088042,1
518,1056,45000,50000,0.9,361290,9.458550081795469,7.689205099293698,1.7693449825017713,7.323052475517807,35.38689965003543,42.70995212555324,0.7323052475517806,3.538689965003543,4.270995212555324,0.8977660037689393,0.8977660037689393,1
517,1069,45007,50000,0.90014,361555,9.465487765572147,7.674361074005486,1.7911266915666606,7.308915308576653,35.82253383133322,43.13144913990987,0.7308915308576653,3.5822533831333216,4.313144913990986,0.8979073713999849,0.8979073713999849,1
516,1079,45005,50000,0.9001,361628,9.467398901103081,7.659517048717274,1.8078818523858062,7.294778141635499,36.15763704771613,43.452415189351626,0.7294778141635498,3.615763704771613,4.345241518935162,0.8978669805119213,0.8978669805119213,1
515,1091,45000,50000,0.9,361829,9.472661068797843,7.644673023429062,1.827988045368781,7.280640974694345,36.559760907375626,43.84040188206997,0.7280640974694345,3.6559760907375627,4.384040188206997,0.8977660037689393,0.8977660037689393,1
514,1105,45000,50000,0.9,362158,9.481274268656435,7.629828998140851,1.8514452705155846,7.266503807753191,37.0289054103117,44.29540921806489,0.7266503807753191,3.70289054103117,4.429540921806489,0.8977660037689393,0.8977660037689393,1
513,1117,45002,50000,0.90004,362359,9.486536436351198,7.614984972852639,1.8715514634985593,7.252366640812037,37.43102926997119,44.683395910783226,0.7252366640812037,3.743102926997119,4.468339591078323,0.8978063943843658,0.8978063943843658,1
512,1128,45009,50000,0.90018,362496,9.490123087964047,7.6001409475644275,1.8899821403996195,7.238229473870883,37.7996428079924,45.03787228186328,0.7238229473870882,3.77996428079924,4.5037872281863285,0.8979477623972059,0.8979477623972059,1
511,1139,45002,50000,0.90004,362633,9.493709739576895,7.585296922276215,1.9084128173006796,7.2240923069297285,38.1682563460136,45.392348652943326,0.7224092306929729,3.81682563460136,4.539234865294333,0.8978063943843658,0.8978063943843658,1
510,1154,45005,50000,0.9001,363026,9.5039984555174,7.570452896988003,1.933545558529398,7.209955139988574,38.670911170587964,45.880866310576536,0.7209955139988574,3.8670911170587967,4.588086631057654,0.8978669805119213,0.8978669805119213,1
509,1166,45005,50000,0.9001,363227,9.509260623212164,7.555608871699792,1.9536517515123726,7.19581797304742,39.07303503024746,46.26885300329488,0.719581797304742,3.907303503024746,4.626885300329488,0.8978669805119213,0.8978669805119213,1
508,1179,45006,50000,0.90012,363492,9.516198306988843,7.54076484641158,1.9754334605772619,7.181680806106266,39.50866921154525,46.69035001765151,0.7181680806106265,3.9508669211545246,4.669035001765151,0.8978871759423113,0.8978871759423113,1
507,1188,45001,50000,0.90002,363501,9.51643392643786,7.525920821123369,1.9905131053144929,7.167543639165112,39.81026210628986,46.97780574545497,0.7167543639165113,3.981026210628986,4.697780574545497,0.8977861990630301,0.8977861990630301,1
506,1200,45009,50000,0.90018,363702,9.521696094132624,7.511076795835156,2.0106192982974673,7.153406472223958,40.21238596594936,47.365792438173315,0.7153406472223958,4.021238596594936,4.7365792438173315,0.8979477623972059,0.8979477623972059,1
505,1209,45002,50000,0.90004,363711,9.521931713581644,7.4962327705469445,2.0256989430346986,7.139269305282804,40.513978860693975,47.65324816597678,0.7139269305282804,4.051397886069397,4.765324816597677,0.8978063943843658,0.8978063943843658,1
504,1222,45003,50000,0.90006,363976,9.52886939735832,7.481388745258733,2.047480652099588,7.12513213834165,40.94961304199176,48.07474518033341,0.712513213834165,4.094961304199176,4.807474518033342,0.897826589732955,0.897826589732955,1
503,1234,45009,50000,0.90018,364177,9.534131565053084,7.466544719970521,2.0675868450825625,7.110994971400496,41.35173690165126,48.46273187305175,0.7110994971400496,4.135173690165126,4.846273187305175,0.8979477623972059,0.8979477623972059,1
502,1248,45004,50000,0.90008,364506,9.542744764911676,7.45170069468231,2.091044070229366,7.096857804459342,41.82088140458733,48.91773920904667,0.7096857804459341,4.182088140458734,4.891773920904668,0.8978467851088042,0.8978467851088042,1
501,1261,45005,50000,0.9001,364771,9.549682448688353,7.436856669394098,2.1128257792942553,7.082720637518188,42.25651558588512,49.339236223403304,0.7082720637518188,4.2256515585885115,4.93392362234033,0.8978669805119213,0.8978669805119213,1
500,1275,45003,50000,0.90006,365100,9.558295648546945,7.422012644105886,2.1362830044410592,7.068583470577034,42.72566008882119,49.794243559398225,0.7068583470577033,4.272566008882119,4.979424355939823,0.897826589732955,0.897826589732955,1
499,1289,45001,50000,0.90002,365429,9.566908848405538,7.407168618817674,2.159740229587863,7.0544463036358795,43.19480459175727,50.249250895393146,0.705444630363588,4.319480459175726,5.024925089539314,0.8977861990630301,0.8977861990630301,1
498,1304,45010,50000,0.9002,365822,9.577197564346044,7.392324593529462,2.1848729708165813,7.0403091366947255,43.69745941633163,50.737768553026356,0.7040309136694725,4.369745941633163,5.0737768553026354,0.8979679579367683,0.8979679579367683,1
497,1316,45004,50000,0.90008,366023,9.582459732040807,7.377480568241251,2.204979163799556,7.026171969753571,44.09958327599113,51.1257552457447,0.7026171969753572,4.409958327599113,5.11257552457447,0.8978467851088042,0.8978467851088042,1
495,1335,45000,50000,0.9,366105,9.584606487020759,7.347792517664827,2.2368139693559326,6.997897635871263,44.73627938711866,51.73417702298992,0.6997897635871263,4.473627938711866,5.173417702298992,0.8977660037689393,0.8977660037689393,1
496,1327,45001,50000,0.90002,366160,9.586046383653654,7.362636542953039,2.223409840700616,7.012034802812417,44.46819681401233,51.480231616824746,0.7012034802812417,4.446819681401233,5.148023161682475,0.8977861990630301,0.8977861990630301,1
494,1349,45008,50000,0.90016,366434,9.593219686879351,7.332948492376615,2.2602711945027365,6.983760468930109,45.20542389005474,52.189184358984846,0.6983760468930109,4.520542389005474,5.218918435898485,0.8979275668849466,0.8979275668849466,1
493,1359,45009,50000,0.90018,366507,9.595130822410285,7.3181044670884035,2.277026355321882,6.969623301988955,45.540527106437644,52.5101504084266,0.6969623301988955,4.554052710643764,5.25101504084266,0.8979477623972059,0.8979477623972059,1
492,1371,45006,50000,0.90012,366708,9.600392990105048,7.303260441800192,2.2971325483048566,6.955486135047801,45.94265096609714,52.89813710114494,0.69554861350478,4.594265096609714,5.289813710114494,0.8978871759423113,0.8978871759423113,1
491,1382,45005,50000,0.9001,366845,9.603979641717897,7.28841641651198,2.3155632252059166,6.941348968106647,46.31126450411834,53.252613472224986,0.6941348968106648,4.631126450411834,5.325261347222498,0.8978669805119213,0.8978669805119213,1
490,1396,45006,50000,0.90012,367174,9.612592841576488,7.273572391223768,2.3390204503527205,6.927211801165493,46.780409007054416,53.70762080821991,0.6927211801165493,4.678040900705441,5.370762080821991,0.8978871759423113,0.8978871759423113,1
489,1413,45004,50000,0.90008,367695,9.626232589680825,7.258728365935556,2.367504223745268,6.913074634224339,47.350084474905366,54.2631591091297,0.6913074634224339,4.735008447490536,5.42631591091297,0.8978467851088042,0.8978467851088042,1
488,1427,45005,50000,0.9001,368024,9.634845789539416,7.2438843406473445,2.390961448892072,6.898937467283185,47.81922897784144,54.71816644512462,0.6898937467283184,4.781922897784144,5.4718166445124625,0.8978669805119213,0.8978669805119213,1
487,1440,45003,50000,0.90006,368289,9.641783473316094,7.229040315359133,2.412743157956961,6.884800300342031,48.25486315913923,55.139663459481255,0.6884800300342031,4.825486315913922,5.513966345948125,0.897826589732955,0.897826589732955,1
486,1453,45006,50000,0.90012,368554,9.648721157092771,7.214196290070921,2.43452486702185,6.8706631334008765,48.69049734043701,55.56116047383789,0.6870663133400876,4.869049734043702,5.556116047383789,0.8978871759423113,0.8978871759423113,1
485,1465,45007,50000,0.90014,368755,9.653983324787534,7.199352264782709,2.454631060004825,6.8565259664597225,49.09262120009651,55.94914716655623,0.6856525966459722,4.909262120009651,5.594914716655623,0.8979073713999849,0.8979073713999849,1
484,1478,45004,50000,0.90008,369020,9.66092100856421,7.184508239494497,2.476412769069714,6.842388799518568,49.52825538139429,56.370644180912855,0.6842388799518568,4.952825538139429,5.637064418091286,0.8978467851088042,0.8978467851088042,1
483,1494,45000,50000,0.9,369477,9.672885240586632,7.169664214206286,2.503221026380347,6.828251632577414,50.06442052760695,56.89267216018436,0.6828251632577415,5.006442052760694,5.689267216018435,0.8977660037689393,0.8977660037689393,1
482,1510,45007,50000,0.90014,369934,9.684849472609054,7.154820188918074,2.53002928369098,6.81411446563626,50.60058567381961,57.41470013945587,0.681411446563626,5.060058567381961,5.7414700139455865,0.8979073713999849,0.8979073713999849,1
481,1524,45006,50000,0.90012,370263,9.693462672467646,7.139976163629862,2.553486508837784,6.799977298695106,51.069730176755684,57.86970747545079,0.6799977298695107,5.1069730176755685,5.7869707475450785,0.8978871759423113,0.8978871759423113,1
480,1537,45001,50000,0.90002,370528,9.700400356244323,7.125132138341651,2.575268217902673,6.785840131753952,51.50536435805347,58.29120448980742,0.6785840131753952,5.150536435805346,5.829120448980742,0.8977861990630301,0.8977861990630301,1
479,1548,45002,50000,0.90004,370665,9.703987007857172,7.110288113053438,2.593698894803733,6.771702964812798,51.87397789607467,58.64568086088747,0.6771702964812798,5.187397789607466,5.864568086088747,0.8978063943843658,0.8978063943843658,1
478,1563,45003,50000,0.90006,371058,9.714275723797678,7.095444087765227,2.6188316360324513,6.757565797871644,52.376632720649035,59.13419851852068,0.6757565797871643,5.2376632720649035,5.913419851852068,0.897826589732955,0.897826589732955,1
477,1575,45005,50000,0.9001,371259,9.719537891492442,7.080600062477015,2.638937829015426,6.74342863093049,52.77875658030853,59.52218521123902,0.674342863093049,5.277875658030853,5.9522185211239025,0.8978669805119213,0.8978669805119213,1
476,1590,45005,50000,0.9001,371652,9.729826607432948,7.0657560371888035,2.6640705702441445,6.729291463989336,53.281411404882896,60.01070286887223,0.6729291463989335,5.328141140488289,6.001070286887223,0.8978669805119213,0.8978669805119213,1
475,1602,45010,50000,0.9002,371853,9.73508877512771,7.050912011900592,2.684176763227119,6.715154297048182,53.68353526454239,60.39868956159057,0.6715154297048181,5.368353526454239,6.039868956159057,0.8979679579367683,0.8979679579367683,1
474,1614,45008,50000,0.90016,372054,9.740350942822474,7.036067986612379,2.704282956210094,6.701017130107028,54.08565912420188,60.78667625430891,0.6701017130107028,5.408565912420189,6.0786676254308905,0.8979275668849466,0.8979275668849466,1
473,1626,45004,50000,0.90008,372255,9.745613110517237,7.021223961324168,2.7243891491930685,6.6868799631658735,54.48778298386138,61.17466294702725,0.6686879963165874,5.448778298386138,6.117466294702726,0.8978467851088042,0.8978467851088042,1
472,1640,45006,50000,0.90012,372584,9.754226310375829,7.006379936035956,2.7478463743398724,6.672742796224719,54.956927486797454,61.62967028302217,0.6672742796224719,5.495692748679746,6.162967028302217,0.8978871759423113,0.8978871759423113,1
471,1654,45002,50000,0.90004,372913,9.76283951023442,6.991535910747745,2.771303599486676,6.658605629283565,55.42607198973353,62.08467761901709,0.6658605629283566,5.542607198973353,6.2084677619017095,0.8978063943843658,0.8978063943843658,1
470,1665,45010,50000,0.9002,373050,9.766426161847269,6.976691885459533,2.789734276387736,6.644468462342411,55.79468552775473,62.43915399009714,0.6644468462342411,5.579468552775473,6.243915399009714,0.8979679579367683,0.8979679579367683,1
469,1677,45004,50000,0.90008,373251,9.771688329542032,6.9618478601713205,2.8098404693707106,6.630331295401258,56.19680938741423,62.82714068281548,0.6630331295401258,5.619680938741422,6.282714068281548,0.8978467851088042,0.8978467851088042,1
468,1691,45010,50000,0.9002,373580,9.780301529400624,6.947003834883109,2.8332976945175146,6.616194128460104,56.6659538903503,63.2821480188104,0.6616194128460104,5.66659538903503,6.328214801881041,0.8979679579367683,0.8979679579367683,1
467,1705,45005,50000,0.9001,373909,9.788914729259215,6.932159809594897,2.8567549196643185,6.60205696151895,57.13509839328638,63.737155354805324,0.6602056961518951,5.713509839328638,6.373715535480533,0.8978669805119213,0.8978669805119213,1
466,1717,45000,50000,0.9,374110,9.794176896953978,6.917315784306686,2.876861112647293,6.587919794577796,57.537222252945874,64.12514204752367,0.6587919794577796,5.753722225294587,6.412514204752367,0.8977660037689393,0.8977660037689393,1
465,1732,45005,50000,0.9001,374503,9.804465612894486,6.902471759018474,2.9019938538760113,6.573782627636642,58.03987707752024,64.61365970515688,0.6573782627636642,5.803987707752024,6.461365970515688,0.8978669805119213,0.8978669805119213,1
464,1746,45009,50000,0.90018,374832,9.813078812753078,6.8876277337302625,2.925451079022815,6.559645460695488,58.50902158045631,65.0686670411518,0.6559645460695488,5.850902158045631,6.50686670411518,0.8979477623972059,0.8979477623972059,1
463,1758,45002,50000,0.90004,375033,9.81834098044784,6.87278370844205,2.94555727200579,6.545508293754334,58.91114544011581,65.45665373387014,0.6545508293754334,5.891114544011581,6.545665373387014,0.8978063943843658,0.8978063943843658,1
462,1771,45000,50000,0.9,375298,9.825278664224518,6.857939683153838,2.967338981070679,6.5313711268131796,59.346779621413596,65.87815074822677,0.6531371126813179,5.93467796214136,6.587815074822677,0.8977660037689393,0.8977660037689393,1
461,1788,45002,50000,0.90004,375819,9.838918412328853,6.843095657865627,2.9958227544632265,6.5172339598720255,59.916455089264545,66.43368904913658,0.6517233959872026,5.991645508926455,6.6433689049136575,0.8978063943843658,0.8978063943843658,1
460,1801,45008,50000,0.90016,376084,9.84585609610553,6.828251632577415,3.017604463528116,6.503096792930871,60.352089270562324,66.85518606349319,0.6503096792930871,6.035208927056233,6.685518606349319,0.8979275668849466,0.8979275668849466,1
459,1814,45017,50000,0.90034,376349,9.852793779882209,6.813407607289204,3.039386172593005,6.488959625989717,60.78772345186011,67.27668307784982,0.6488959625989718,6.078772345186011,6.727668307784982,0.8981093274788239,0.8981093274788239,1
458,1830,45006,50000,0.90012,376806,9.864758011904629,6.798563582000991,3.066194429903638,6.474822459048563,61.32388859807277,67.79871105712134,0.6474822459048564,6.1323888598072775,6.779871105712133,0.8978871759423113,0.8978871759423113,1
457,1840,45000,50000,0.9,376879,9.866669147435562,6.7837195567127795,3.0829495907227833,6.460685292107409,61.65899181445568,68.11967710656309,0.646068529210741,6.165899181445568,6.811967710656308,0.8977660037689393,0.8977660037689393,1
456,1853,45007,50000,0.90014,377144,9.873606831212241,6.768875531424568,3.1047312997876726,6.446548125166255,62.09462599575347,68.54117412091972,0.6446548125166255,6.209462599575347,6.854117412091973,0.8979073713999849,0.8979073713999849,1
455,1867,45003,50000,0.90006,377473,9.882220031070833,6.754031506136356,3.1281885249344765,6.432410958225101,62.56377049868954,68.99618145691464,0.6432410958225101,6.256377049868955,6.899618145691464,0.897826589732955,0.897826589732955,1
454,1880,45007,50000,0.90014,377738,9.88915771484751,6.739187480848145,3.149970233999366,6.418273791283947,62.99940467998733,69.41767847127127,0.6418273791283947,6.2999404679987325,6.941767847127127,0.8979073713999849,0.8979073713999849,1
453,1894,45000,50000,0.9,378067,9.897770914706102,6.724343455559932,3.1734274591461693,6.404136624342793,63.468549182923404,69.8726858072662,0.6404136624342793,6.34685491829234,6.98726858072662,0.8977660037689393,0.8977660037689393,1
452,1909,45010,50000,0.9002,378460,9.908059630646608,6.709499430271721,3.198560200374888,6.389999457401639,63.97120400749777,70.3612034648994,0.6389999457401638,6.3971204007497775,7.036120346489941,0.8979679579367683,0.8979679579367683,1
451,1920,45006,50000,0.90012,378597,9.911646282259458,6.694655404983509,3.216990877275948,6.375862290460485,64.33981754551897,70.71567983597946,0.6375862290460486,6.433981754551898,7.071567983597945,0.8978871759423113,0.8978871759423113,1
450,1937,45006,50000,0.90012,379118,9.925286030363793,6.679811379695297,3.2454746506684953,6.361725123519331,64.90949301336993,71.27121813688926,0.6361725123519331,6.490949301336993,7.127121813688926,0.8978871759423113,0.8978871759423113,1
449,1950,45006,50000,0.90012,379383,9.93222371414047,6.664967354407086,3.2672563597333846,6.3475879565781765,65.34512719466771,71.69271515124589,0.6347587956578177,6.534512719466771,7.169271515124589,0.8978871759423113,0.8978871759423113,1
448,1962,45005,50000,0.9001,379584,9.937485881835233,6.650123329118874,3.2873625527163592,6.3334507896370225,65.7472510543272,72.08070184396422,0.6333450789637023,6.5747251054327185,7.208070184396422,0.8978669805119213,0.8978669805119213,1
447,1978,45000,50000,0.9,380041,9.949450113857655,6.635279303830662,3.3141708100269924,6.319313622695868,66.28341620053986,72.60272982323573,0.6319313622695869,6.628341620053986,7.260272982323573,0.8977660037689393,0.8977660037689393,1
446,1991,45004,50000,0.90008,380306,9.956387797634331,6.62043527854245,3.3359525190918813,6.305176455754714,66.71905038183765,73.02422683759237,0.6305176455754714,6.671905038183765,7.302422683759237,0.8978467851088042,0.8978467851088042,1
445,2005,45010,50000,0.9002,380635,9.965000997492924,6.6055912532542385,3.359409744238685,6.29103928881356,67.18819488477372,73.47923417358729,0.629103928881356,6.718819488477372,7.347923417358729,0.8979679579367683,0.8979679579367683,1
444,2020,45003,50000,0.90006,381028,9.97528971343343,6.590747227966027,3.3845424854674038,6.276902121872406,67.69084970934809,73.9677518312205,0.6276902121872406,6.769084970934808,7.396775183122049,0.897826589732955,0.897826589732955,1
443,2034,45001,50000,0.90002,381357,9.983902913292022,6.575903202677815,3.4079997106142073,6.262764954931252,68.15999421228416,74.42275916721542,0.6262764954931253,6.815999421228416,7.442275916721542,0.8977861990630301,0.8977861990630301,1
442,2048,45004,50000,0.90008,381686,9.992516113150614,6.561059177389603,3.431456935761011,6.248627787990098,68.62913871522024,74.87776650321034,0.6248627787990098,6.862913871522023,7.487776650321035,0.8978467851088042,0.8978467851088042,1
441,2059,45004,50000,0.90008,381823,9.996102764763462,6.546215152101391,3.4498876126620712,6.234490621048944,68.99775225324144,75.23224287429039,0.6234490621048945,6.899775225324144,7.52322428742904,0.8978467851088042,0.8978467851088042,1
440,2073,45002,50000,0.90004,382152,10.004715964622054,6.5313711268131796,3.473344837808875,6.22035345410779,69.46689675617752,75.68725021028531,0.622035345410779,6.946689675617752,7.568725021028531,0.8978063943843658,0.8978063943843658,1
439,2086,45003,50000,0.90006,382417,10.011653648398733,6.516527101524968,3.4951265468737645,6.206216287166636,69.9025309374753,76.10874722464195,0.6206216287166636,6.990253093747531,7.610874722464195,0.897826589732955,0.897826589732955,1
438,2102,45010,50000,0.9002,382874,10.023617880421153,6.501683076236756,3.521934804184397,6.192079120225482,70.43869608368796,76.63077520391344,0.6192079120225482,7.043869608368795,7.663077520391345,0.8979679579367683,0.8979679579367683,1
437,2114,45006,50000,0.90012,383075,10.028880048115916,6.486839050948544,3.542040997167372,6.177941953284328,70.84081994334746,77.01876189663179,0.6177941953284328,7.0840819943347455,7.701876189663179,0.8978871759423113,0.8978871759423113,1
436,2127,45003,50000,0.90006,383340,10.035817731892594,6.471995025660332,3.563822706232261,6.1638047863431735,71.27645412464524,77.44025891098842,0.6163804786343173,7.127645412464524,7.744025891098842,0.897826589732955,0.897826589732955,1
435,2140,45007,50000,0.90014,383605,10.042755415669271,6.457151000372121,3.5856044152971505,6.1496676194020194,71.71208830594303,77.86175592534505,0.614966761940202,7.171208830594303,7.786175592534505,0.8979073713999849,0.8979073713999849,1
434,2154,45006,50000,0.90012,383934,10.051368615527863,6.442306975083909,3.609061640443954,6.135530452460865,72.1812328088791,78.31676326133997,0.6135530452460866,7.2181232808879106,7.831676326133998,0.8978871759423113,0.8978871759423113,1
433,2170,45004,50000,0.90008,384391,10.063332847550285,6.427462949795697,3.635869897754587,6.121393285519711,72.71739795509176,78.83879124061147,0.6121393285519712,7.271739795509175,7.883879124061147,0.8978467851088042,0.8978467851088042,1
432,2184,45008,50000,0.90016,384720,10.071946047408876,6.412618924507485,3.6593271229013906,6.107256118578557,73.18654245802783,79.29379857660639,0.6107256118578557,7.318654245802783,7.929379857660639,0.8979275668849466,0.8979275668849466,1
431,2194,45000,50000,0.9,384793,10.07385718293981,6.397774899219273,3.6760822837205365,6.093118951637403,73.52164567441073,79.61476462604814,0.6093118951637404,7.352164567441074,7.961476462604814,0.8977660037689393,0.8977660037689393,1
430,2207,45002,50000,0.90004,385058,10.080794866716488,6.382930873931062,3.6978639927854258,6.078981784696249,73.95727985570852,80.03626164040477,0.6078981784696249,7.395727985570852,8.003626164040478,0.8978063943843658,0.8978063943843658,1
429,2226,45000,50000,0.9,385707,10.097785646984653,6.36808684864285,3.7296987983418024,6.064844617755095,74.59397596683606,80.65882058459115,0.6064844617755095,7.459397596683605,8.065882058459115,0.8977660037689393,0.8977660037689393,1
428,2242,45005,50000,0.9001,386164,10.109749879007074,6.3532428233546385,3.756507055652435,6.050707450813941,75.13014111304872,81.18084856386267,0.6050707450813941,7.513014111304872,8.118084856386266,0.8978669805119213,0.8978669805119213,1
427,2257,45008,50000,0.90016,386557,10.12003859494758,6.338398798066427,3.7816397968811533,6.036570283872787,75.63279593762309,81.66936622149588,0.6036570283872787,7.563279593762308,8.166936622149587,0.8979275668849466,0.8979275668849466,1
426,2269,45002,50000,0.90004,386758,10.125300762642343,6.323554772778214,3.801745989864128,6.022433116931633,76.03491979728257,82.0573529142142,0.6022433116931633,7.603491979728258,8.205735291421421,0.8978063943843658,0.8978063943843658,1
425,2285,45015,50000,0.9003,387215,10.137264994664765,6.308710747490003,3.828554247174761,6.008295949990479,76.57108494349524,82.57938089348572,0.6008295949990479,7.657108494349523,8.257938089348572,0.8980689360443921,0.8980689360443921,1
424,2301,45002,50000,0.90004,387672,10.149229226687185,6.293866722201791,3.855362504485394,5.994158783049325,77.10725008970789,83.10140887275722,0.5994158783049325,7.710725008970789,8.310140887275722,0.8978063943843658,0.8978063943843658,1
423,2312,45001,50000,0.90002,387809,10.152815878300034,6.27902269691358,3.873793181386454,5.9800216161081705,77.4758636277291,83.45588524383727,0.5980021616108171,7.74758636277291,8.345588524383727,0.8977861990630301,0.8977861990630301,1
422,2327,45013,50000,0.90026,388202,10.16310459424054,6.264178671625368,3.8989259226151725,5.965884449167016,77.97851845230346,83.94440290147048,0.5965884449167016,7.797851845230346,8.394440290147047,0.8980285447193513,0.8980285447193513,1
421,2343,45003,50000,0.90006,388659,10.175068826262962,6.2493346463371555,3.925734179925805,5.951747282225862,78.51468359851611,84.46643088074198,0.5951747282225863,7.851468359851611,8.446643088074197,0.897826589732955,0.897826589732955,1
420,2357,45005,50000,0.9001,388988,10.183682026121554,6.234490621048944,3.949191405072609,5.937610115284708,78.98382810145219,84.9214382167369,0.5937610115284708,7.898382810145219,8.49214382167369,0.8978669805119213,0.8978669805119213,1
419,2368,45008,50000,0.90016,389125,10.187268677734401,6.219646595760732,3.967622081973669,5.923472948343554,79.3524416394734,85.27591458781696,0.5923472948343554,7.93524416394734,8.527591458781695,0.8979275668849466,0.8979275668849466,1
418,2383,45007,50000,0.90014,389518,10.197557393674908,6.204802570472521,3.9927548232023877,5.9093357814024,79.85509646404776,85.76443224545017,0.5909335781402401,7.985509646404776,8.576443224545017,0.8979073713999849,0.8979073713999849,1
417,2397,45001,50000,0.90002,389847,10.2061705935335,6.189958545184309,4.016212048349192,5.895198614461246,80.32424096698384,86.21943958144509,0.5895198614461247,8.032424096698383,8.62194395814451,0.8977861990630301,0.8977861990630301,1
416,2412,45006,50000,0.90012,390240,10.216459309474006,6.175114519896097,4.041344789577909,5.881061447520092,80.8268957915582,86.7079572390783,0.5881061447520092,8.08268957915582,8.67079572390783,0.8978871759423113,0.8978871759423113,1
415,2428,45004,50000,0.90008,390697,10.228423541496428,6.160270494607885,4.0681530468885425,5.866924280578938,81.36306093777087,87.22998521834981,0.5866924280578938,8.136306093777087,8.722998521834981,0.8978467851088042,0.8978467851088042,1
414,2444,45004,50000,0.90008,391154,10.240387773518849,6.145426469319673,4.094961304199176,5.852787113637784,81.89922608398352,87.75201319762131,0.5852787113637784,8.189922608398351,8.77520131976213,0.8978467851088042,0.8978467851088042,1
413,2460,45003,50000,0.90006,391611,10.25235200554127,6.130582444031462,4.121769561509808,5.83864994669663,82.43539123019619,88.27404117689282,0.583864994669663,8.243539123019618,8.827404117689282,0.897826589732955,0.897826589732955,1
412,2474,45008,50000,0.90016,391940,10.260965205399861,6.11573841874325,4.145226786656612,5.824512779755476,82.90453573313226,88.72904851288774,0.5824512779755475,8.290453573313227,8.872904851288775,0.8979275668849466,0.8979275668849466,1
411,2489,45005,50000,0.9001,392333,10.271253921340369,6.100894393455039,4.1703595278853305,5.810375612814322,83.40719055770663,89.21756617052095,0.5810375612814322,8.340719055770663,8.921756617052095,0.8978669805119213,0.8978669805119213,1
410,2503,45002,50000,0.90004,392662,10.279867121198961,6.086050368166826,4.193816753032134,5.7962384458731675,83.8763350606427,89.67257350651587,0.5796238445873167,8.38763350606427,8.967257350651588,0.8978063943843658,0.8978063943843658,1
409,2519,45009,50000,0.90018,393119,10.291831353221381,6.0712063428786145,4.220625010342768,5.782101278932013,84.41250020685536,90.19460148578737,0.5782101278932014,8.441250020685535,9.019460148578737,0.8979477623972059,0.8979477623972059,1
408,2532,45003,50000,0.90006,393384,10.29876903699806,6.056362317590403,4.242406719407656,5.767964111990859,84.84813438815314,90.616098500144,0.576796411199086,8.484813438815314,9.0616098500144,0.897826589732955,0.897826589732955,1
407,2548,45009,50000,0.90018,393841,10.31073326902048,6.041518292302191,4.269214976718289,5.753826945049705,85.3842995343658,91.1381264794155,0.5753826945049706,8.53842995343658,9.11381264794155,0.8979477623972059,0.8979477623972059,1
406,2561,45003,50000,0.90006,394106,10.317670952797158,6.02667426701398,4.2909966857831785,5.739689778108551,85.81993371566358,91.55962349377214,0.5739689778108551,8.581993371566357,9.155962349377214,0.897826589732955,0.897826589732955,1
405,2576,45001,50000,0.90002,394499,10.327959668737664,6.011830241725767,4.316129427011897,5.725552611167397,86.32258854023796,92.04814115140536,0.5725552611167397,8.632258854023796,9.204814115140536,0.8977861990630301,0.8977861990630301,1
404,2590,45000,50000,0.9,394828,10.336572868596257,5.996986216437556,4.339586652158701,5.711415444226243,86.79173304317403,92.50314848740028,0.5711415444226243,8.679173304317402,9.250314848740029,0.8977660037689393,0.8977660037689393,1
403,2605,45002,50000,0.90004,395221,10.346861584536763,5.982142191149344,4.364719393387419,5.697278277285089,87.2943878677484,92.99166614503349,0.5697278277285089,8.729438786774839,9.29916661450335,0.8978063943843658,0.8978063943843658,1
402,2620,45006,50000,0.90012,395614,10.357150300477269,5.967298165861132,4.389852134616137,5.683141110343935,87.79704269232276,93.4801838026667,0.5683141110343934,8.779704269232276,9.348018380266671,0.8978871759423113,0.8978871759423113,1
401,2635,45003,50000,0.90006,396007,10.367439016417777,5.952454140572921,4.414984875844856,5.669003943402781,88.29969751689713,93.96870146029991,0.5669003943402782,8.829969751689712,9.396870146029991,0.897826589732955,0.897826589732955,1
400,2654,45003,50000,0.90006,396656,10.384429796685941,5.937610115284708,4.446819681401232,5.654866776461627,88.93639362802466,94.59126040448629,0.5654866776461627,8.893639362802466,9.459126040448629,0.897826589732955,0.897826589732955,1
399,2670,45000,50000,0.9,397113,10.396394028708363,5.922766089996497,4.473627938711865,5.640729609520473,89.47255877423731,95.11328838375779,0.5640729609520473,8.947255877423732,9.511328838375778,0.8977660037689393,0.8977660037689393,1
398,2683,45010,50000,0.9002,397378,10.40333171248504,5.907922064708285,4.4954096477767544,5.626592442579319,89.9081929555351,95.53478539811442,0.5626592442579319,8.99081929555351,9.553478539811442,0.8979679579367683,0.8979679579367683,1
397,2695,45006,50000,0.90012,397579,10.408593880179803,5.8930780394200735,4.515515840759729,5.6124552756381645,90.3103168151946,95.92277209083277,0.5612455275638165,9.03103168151946,9.592277209083276,0.8978871759423113,0.8978871759423113,1
396,2710,45005,50000,0.9001,397972,10.418882596120309,5.878234014131862,4.540648581988448,5.59831810869701,90.81297163976896,96.41128974846598,0.559831810869701,9.081297163976897,9.641128974846596,0.8978669805119213,0.8978669805119213,1
395,2724,45009,50000,0.90018,398301,10.427495795978901,5.86338998884365,4.564105807135252,5.584180941755856,91.28211614270504,96.8662970844609,0.5584180941755856,9.128211614270503,9.68662970844609,0.8979477623972059,0.8979477623972059,1
394,2739,45000,50000,0.9,398694,10.437784511919407,5.848545963555438,4.589238548363969,5.570043774814702,91.78477096727941,97.35481474209412,0.5570043774814702,9.178477096727942,9.735481474209411,0.8977660037689393,0.8977660037689393,1
393,2756,45005,50000,0.9001,399215,10.451424260023744,5.833701938267226,4.617722321756517,5.555906607873548,92.35444643513036,97.91035304300391,0.5555906607873549,9.235444643513036,9.79103530430039,0.8978669805119213,0.8978669805119213,1
392,2771,45006,50000,0.90012,399608,10.46171297596425,5.818857912979015,4.642855062985236,5.541769440932394,92.85710125970472,98.39887070063712,0.5541769440932394,9.285710125970473,9.839887070063712,0.8978871759423113,0.8978871759423113,1
391,2781,45001,50000,0.90002,399681,10.463624111495184,5.804013887690803,4.659610223804381,5.52763227399124,93.19220447608764,98.71983675007888,0.5527632273991241,9.319220447608764,9.871983675007888,0.8977861990630301,0.8977861990630301,1
390,2796,45003,50000,0.90006,400074,10.47391282743569,5.789169862402591,4.6847429650331,5.513495107050086,93.694859300662,99.2083544077121,0.5513495107050086,9.369485930066201,9.920835440771208,0.897826589732955,0.897826589732955,1
389,2810,45006,50000,0.90012,400403,10.482526027294282,5.774325837114379,4.708200190179903,5.499357940108932,94.16400380359808,99.66336174370701,0.5499357940108932,9.416400380359807,9.966336174370701,0.8978871759423113,0.8978871759423113,1
388,2825,45002,50000,0.90004,400796,10.492814743234788,5.759481811826167,4.733332931408621,5.485220773167778,94.66665862817244,100.15187940134022,0.5485220773167778,9.466665862817244,10.015187940134023,0.8978063943843658,0.8978063943843658,1
387,2843,45002,50000,0.90004,401381,10.50813000742104,5.744637786537956,4.763492220883084,5.471083606226624,95.26984441766169,100.74092802388832,0.5471083606226624,9.526984441766167,10.074092802388831,0.8978063943843658,0.8978063943843658,1
386,2858,45007,50000,0.90014,401774,10.518418723361545,5.729793761249744,4.788624962111801,5.45694643928547,95.77249924223605,101.22944568152153,0.5456946439285469,9.577249924223604,10.122944568152151,0.8979073713999849,0.8979073713999849,1
385,2871,45004,50000,0.90008,402039,10.525356407138224,5.714949735961532,4.810406671176691,5.4428092723443156,96.20813342353384,101.65094269587816,0.5442809272344316,9.620813342353383,10.165094269587817,0.8978467851088042,0.8978467851088042,1
384,2886,45007,50000,0.90014,402432,10.53564512307873,5.70010571067332,4.835539412405409,5.428672105403162,96.7107882481082,102.13946035351137,0.5428672105403163,9.67107882481082,10.213946035351137,0.8979073713999849,0.8979073713999849,1
383,2902,45000,50000,0.9,402889,10.547609355101152,5.685261685385108,4.862347669716042,5.414534938462008,97.24695339432087,102.66148833278288,0.5414534938462008,9.724695339432087,10.266148833278288,0.8977660037689393,0.8977660037689393,1
382,2914,45000,50000,0.9,403090,10.552871522795913,5.670417660096897,4.882453862699017,5.400397771520854,97.64907725398035,103.04947502550121,0.5400397771520854,9.764907725398036,10.304947502550121,0.8977660037689393,0.8977660037689393,1
381,2930,45008,50000,0.90016,403547,10.564835754818334,5.655573634808685,4.90926212000965,5.3862606045797,98.18524240019302,103.57150300477272,0.53862606045797,9.818524240019302,10.357150300477272,0.8979275668849466,0.8979275668849466,1
380,2950,45003,50000,0.90006,404260,10.583502051168415,5.6407296095204735,4.942772441647941,5.372123437638546,98.85544883295884,104.22757227059739,0.5372123437638546,9.885544883295884,10.422757227059739,0.897826589732955,0.897826589732955,1
379,2963,45006,50000,0.90012,404525,10.590439734945091,5.625885584232261,4.96455415071283,5.357986270697392,99.29108301425661,104.64906928495401,0.5357986270697391,9.929108301425662,10.4649069284954,0.8978871759423113,0.8978871759423113,1
378,2979,45008,50000,0.90016,404982,10.602403966967513,5.611041558944049,4.991362408023463,5.343849103756238,99.82724816046928,105.17109726422552,0.5343849103756239,9.982724816046929,10.517109726422552,0.8979275668849466,0.8979275668849466,1
377,2997,45000,50000,0.9,405567,10.617719231153764,5.596197533655838,5.021521697497925,5.329711936815084,100.43043394995851,105.7601458867736,0.5329711936815084,10.043043394995852,10.57601458867736,0.8977660037689393,0.8977660037689393,1
376,3017,45002,50000,0.90004,406280,10.636385527503842,5.581353508367626,5.055032019136216,5.31557476987393,101.10064038272434,106.41621515259827,0.531557476987393,10.110064038272434,10.641621515259827,0.8978063943843658,0.8978063943843658,1
375,3036,45003,50000,0.90006,406929,10.653376307772007,5.566509483079415,5.086866824692593,5.301437602932776,101.73733649385187,107.03877409678465,0.5301437602932775,10.173733649385188,10.703877409678466,0.897826589732955,0.897826589732955,1
374,3051,45007,50000,0.90014,407322,10.663665023712515,5.551665457791203,5.111999565921311,5.287300435991622,102.23999131842623,107.52729175441786,0.5287300435991622,10.223999131842623,10.752729175441786,0.8979073713999849,0.8979073713999849,1
373,3062,45000,50000,0.9,407459,10.667251675325362,5.5368214325029905,5.130430242822372,5.2731632690504675,102.60860485644744,107.88176812549791,0.5273163269050467,10.260860485644743,10.788176812549791,0.8977660037689393,0.8977660037689393,1
372,3079,45002,50000,0.90004,407980,10.680891423429697,5.521977407214779,5.1589140162149185,5.259026102109313,103.1782803242984,108.43730642640772,0.5259026102109313,10.317828032429839,10.843730642640772,0.8978063943843658,0.8978063943843658,1
371,3093,45003,50000,0.90006,408309,10.68950462328829,5.507133381926567,5.1823712413617224,5.244888935168159,103.64742482723447,108.89231376240264,0.5244888935168159,10.364742482723448,10.889231376240263,0.897826589732955,0.897826589732955,1
370,3110,45012,50000,0.90024,408830,10.703144371392625,5.492289356638356,5.21085501475427,5.230751768227005,104.21710029508542,109.44785206331242,0.5230751768227005,10.421710029508542,10.944785206331241,0.8980083490978338,0.8980083490978338,1
369,3127,45012,50000,0.90024,409351,10.71678411949696,5.477445331350144,5.239338788146817,5.216614601285851,104.78677576293637,110.00339036422223,0.521661460128585,10.478677576293638,11.000339036422224,0.8980083490978338,0.8980083490978338,1
368,3141,45004,50000,0.90008,409680,10.725397319355553,5.462601306061932,5.262796013293621,5.202477434344697,105.25592026587245,110.45839770021715,0.5202477434344698,10.525592026587244,11.045839770021715,0.8978467851088042,0.8978467851088042,1
367,3154,45000,50000,0.9,409945,10.732335003132231,5.44775728077372,5.28457772235851,5.188340267403543,105.69155444717023,110.87989471457378,0.5188340267403543,10.569155444717024,11.087989471457378,0.8977660037689393,0.8977660037689393,1
366,3173,45000,50000,0.9,410594,10.749325783400396,5.432913255485508,5.316412527914887,5.174203100462389,106.32825055829775,111.50245365876015,0.5174203100462389,10.632825055829775,11.150245365876016,0.8977660037689393,0.8977660037689393,1
365,3188,45001,50000,0.90002,410987,10.759614499340902,5.418069230197297,5.341545269143605,5.160065933521235,106.83090538287213,111.99097131639337,0.5160065933521234,10.683090538287214,11.199097131639338,0.8977861990630301,0.8977861990630301,1
364,3203,45004,50000,0.90008,411380,10.769903215281408,5.403225204909085,5.366678010372324,5.145928766580081,107.3335602074465,112.47948897402658,0.5145928766580081,10.73335602074465,11.247948897402658,0.8978467851088042,0.8978467851088042,1
363,3221,45002,50000,0.90004,411965,10.785218479467659,5.388381179620873,5.396837299846785,5.131791599638927,107.93674599693573,113.06853759657466,0.5131791599638926,10.793674599693574,11.306853759657466,0.8978063943843658,0.8978063943843658,1
362,3235,45008,50000,0.90016,412294,10.793831679326251,5.373537154332661,5.420294524993589,5.117654432697773,108.4058904998718,113.52354493256958,0.5117654432697772,10.84058904998718,11.352354493256959,0.8979275668849466,0.8979275668849466,1
361,3252,45003,50000,0.90006,412815,10.807471427430587,5.3586931290444495,5.448778298386137,5.103517265756619,108.97556596772276,114.07908323347938,0.5103517265756619,10.897556596772276,11.407908323347938,0.897826589732955,0.897826589732955,1
360,3267,45003,50000,0.90006,413208,10.817760143371093,5.343849103756238,5.473911039614856,5.0893800988154645,109.47822079229712,114.56760089111259,0.5089380098815465,10.947822079229713,11.45676008911126,0.897826589732955,0.897826589732955,1
359,3285,45015,50000,0.9003,413793,10.833075407557343,5.329005078468026,5.504070329089317,5.07524293187431,110.08140658178637,115.15664951366068,0.5075242931874311,11.008140658178636,11.515664951366068,0.8980689360443921,0.8980689360443921,1
358,3301,45006,50000,0.90012,414250,10.845039639579765,5.314161053179815,5.53087858639995,5.061105764933156,110.61757172799902,115.67867749293218,0.5061105764933157,11.061757172799902,11.56786774929322,0.8978871759423113,0.8978871759423113,1
357,3316,45000,50000,0.9,414643,10.855328355520271,5.299317027891602,5.556011327628669,5.046968597992002,111.12022655257338,116.16719515056539,0.5046968597992002,11.112022655257338,11.616719515056538,0.8977660037689393,0.8977660037689393,1
356,3332,45010,50000,0.9002,415100,10.867292587542693,5.284473002603391,5.582819584939301,5.032831431050848,111.65639169878605,116.6892231298369,0.5032831431050848,11.165639169878604,11.66892231298369,0.8979679579367683,0.8979679579367683,1
355,3346,45006,50000,0.90012,415429,10.875905787401285,5.269628977315179,5.606276810086105,5.018694264109694,112.12553620172213,117.14423046583182,0.5018694264109694,11.212553620172214,11.714423046583182,0.8978871759423113,0.8978871759423113,1
354,3362,45011,50000,0.90022,415886,10.887870019423705,5.254784952026967,5.633085067396738,5.00455709716854,112.66170134793478,117.66625844510332,0.500455709716854,11.266170134793478,11.766625844510331,0.8979881535036419,0.8979881535036419,1
353,3377,45004,50000,0.90008,416279,10.898158735364213,5.239940926738756,5.658217808625457,4.990419930227386,113.16435617250914,118.15477610273653,0.4990419930227386,11.316435617250914,11.815477610273653,0.8978467851088042,0.8978467851088042,1
352,3393,45002,50000,0.90004,416736,10.910122967386632,5.225096901450543,5.685026065936089,4.976282763286232,113.70052131872181,118.67680408200805,0.4976282763286232,11.37005213187218,11.867680408200805,0.8978063943843658,0.8978063943843658,1
351,3411,45004,50000,0.90008,417321,10.925438231572883,5.210252876162332,5.715185355410552,4.962145596345078,114.30370710821104,119.26585270455612,0.4962145596345078,11.430370710821103,11.926585270455613,0.8978467851088042,0.8978467851088042,1
350,3429,45004,50000,0.90008,417906,10.940753495759134,5.19540885087412,5.745344644885013,4.948008429403924,114.90689289770029,119.85490132710422,0.4948008429403924,11.49068928977003,11.98549013271042,0.8978467851088042,0.8978467851088042,1
349,3444,45001,50000,0.90002,418299,10.95104221169964,5.1805648255859085,5.770477386113732,4.93387126246277,115.40954772227465,120.34341898473743,0.49338712624627695,11.540954772227465,12.034341898473741,0.8977861990630301,0.8977861990630301,1
348,3457,45005,50000,0.9001,418564,10.957979895476317,5.165720800297697,5.792259095178621,4.919734095521616,115.84518190357244,120.76491599909406,0.49197340955216157,11.584518190357246,12.076491599909406,0.8978669805119213,0.8978669805119213,1
347,3474,45004,50000,0.90008,419085,10.971619643580652,5.150876775009484,5.820742868571168,4.9055969285804615,116.4148573714234,121.32045430000386,0.4905596928580462,11.64148573714234,12.132045430000385,0.8978467851088042,0.8978467851088042,1
346,3491,45009,50000,0.90018,419606,10.98525939168499,5.136032749721273,5.849226641963716,4.891459761639307,116.98453283927434,121.87599260091365,0.48914597616393074,11.698453283927435,12.187599260091366,0.8979477623972059,0.8979477623972059,1
345,3509,45008,50000,0.90016,420191,11.000574655871239,5.121188724433061,5.879385931438178,4.877322594698153,117.58771862876358,122.46504122346174,0.48773225946981535,11.758771862876358,12.246504122346174,0.8979275668849466,0.8979275668849466,1
344,3524,45004,50000,0.90008,420584,11.010863371811746,5.10634469914485,5.904518672666896,4.863185427756999,118.09037345333795,122.95355888109495,0.4863185427756999,11.809037345333794,12.295355888109494,0.8978467851088042,0.8978467851088042,1
343,3540,45005,50000,0.9001,421041,11.022827603834166,5.091500673856638,5.931326929977529,4.849048260815845,118.6265385995506,123.47558686036645,0.48490482608158453,11.86265385995506,12.347558686036646,0.8978669805119213,0.8978669805119213,1
342,3557,45003,50000,0.90006,421562,11.036467351938503,5.076656648568426,5.959810703370077,4.834911093874691,119.19621406740156,124.03112516127625,0.48349110938746914,11.919621406740156,12.403112516127624,0.897826589732955,0.897826589732955,1
341,3577,45003,50000,0.90006,422275,11.055133648288582,5.061812623280214,5.993321025008368,4.820773926933537,119.86642050016738,124.68719442710092,0.4820773926933537,11.986642050016739,12.468719442710091,0.897826589732955,0.897826589732955,1
340,3596,45007,50000,0.90014,422924,11.072124428556746,5.046968597992002,6.025155830564744,4.806636759992383,120.50311661129491,125.3097533712873,0.4806636759992383,12.050311661129491,12.53097533712873,0.8979073713999849,0.8979073713999849,1
339,3614,45005,50000,0.9001,423509,11.087439692742997,5.032124572703791,6.055315120039206,4.792499593051229,121.10630240078414,125.89880199383538,0.4792499593051229,12.110630240078414,12.589880199383536,0.8978669805119213,0.8978669805119213,1
338,3632,45011,50000,0.90022,424094,11.102754956929248,5.017280547415579,6.085474409513668,4.778362426110075,121.70948819027339,126.48785061638347,0.4778362426110075,12.17094881902734,12.648785061638348,0.8979881535036419,0.8979881535036419,1
337,3648,45004,50000,0.90008,424551,11.114719188951668,5.0024365221273674,6.112282666824301,4.764225259168921,122.24565333648604,127.00987859565497,0.4764225259168921,12.224565333648604,12.700987859565497,0.8978467851088042,0.8978467851088042,1
336,3664,45002,50000,0.90004,425008,11.12668342097409,4.987592496839155,6.139090924134934,4.750088092227767,122.78181848269871,127.53190657492648,0.47500880922277666,12.27818184826987,12.753190657492649,0.8978063943843658,0.8978063943843658,1
335,3680,45008,50000,0.90016,425465,11.13864765299651,4.972748471550943,6.165899181445567,4.7359509252866125,123.31798362891136,128.05393455419798,0.4735950925286613,12.331798362891137,12.805393455419798,0.8979275668849466,0.8979275668849466,1
334,3697,45008,50000,0.90016,425986,11.152287401100846,4.957904446262732,6.194382954838114,4.7218137583454585,123.8876590967623,128.60947285510775,0.47218137583454584,12.38876590967623,12.860947285510775,0.8979275668849466,0.8979275668849466,1
333,3717,45003,50000,0.90006,426699,11.170953697450926,4.94306042097452,6.227893276476405,4.707676591404304,124.55786552952813,129.26554212093242,0.47076765914043045,12.455786552952814,12.926554212093242,0.897826589732955,0.897826589732955,1
332,3733,45002,50000,0.90004,427156,11.182917929473346,4.9282163956863085,6.254701533787038,4.69353942446315,125.0940306757408,129.78757010020394,0.46935394244631506,12.50940306757408,12.978757010020393,0.8978063943843658,0.8978063943843658,1
331,3753,45010,50000,0.9002,427869,11.201584225823426,4.913372370398096,6.288211855425329,4.679402257521996,125.76423710850662,130.4436393660286,0.4679402257521996,12.576423710850662,13.04436393660286,0.8979679579367683,0.8979679579367683,1
330,3769,45006,50000,0.90012,428326,11.213548457845848,4.898528345109884,6.315020112735962,4.665265090580842,126.30040225471927,130.96566734530012,0.46652650905808424,12.630040225471927,13.096566734530011,0.8978871759423113,0.8978871759423113,1
329,3784,45011,50000,0.90022,428719,11.223837173786354,4.883684319821673,6.340152853964681,4.651127923639688,126.80305707929364,131.45418500293331,0.4651127923639688,12.680305707929364,13.145418500293331,0.8979881535036419,0.8979881535036419,1
328,3799,45002,50000,0.90004,429112,11.23412588972686,4.868840294533461,6.3652855951933995,4.636990756698534,127.305711903868,131.94270266056654,0.4636990756698534,12.730571190386799,13.194270266056654,0.8978063943843658,0.8978063943843658,1
327,3817,45004,50000,0.90008,429697,11.24944115391311,4.85399626924525,6.395444884667861,4.62285358975738,127.90889769335725,132.53175128311463,0.462285358975738,12.790889769335724,13.253175128311463,0.8978467851088042,0.8978467851088042,1
326,3832,45003,50000,0.90006,430090,11.259729869853617,4.839152243957037,6.42057762589658,4.608716422816226,128.41155251793163,133.02026894074785,0.4608716422816226,12.841155251793163,13.302026894074785,0.897826589732955,0.897826589732955,1
325,3852,45011,50000,0.90022,430803,11.278396166203697,4.8243082186688255,6.4540879475348705,4.594579255875072,129.08175895069743,133.6763382065725,0.4594579255875072,12.908175895069744,13.367633820657248,0.8979881535036419,0.8979881535036419,1
324,3867,45004,50000,0.90008,431196,11.288684882144203,4.809464193380614,6.479220688763589,4.580442088933918,129.5844137752718,134.16485586420572,0.45804420889339176,12.95844137752718,13.41648558642057,0.8978467851088042,0.8978467851088042,1
323,3883,45002,50000,0.90004,431653,11.300649114166625,4.794620168092402,6.506028946074222,4.566304921992764,130.12057892148445,134.6868838434772,0.45663049219927637,13.012057892148444,13.46868838434772,0.8978063943843658,0.8978063943843658,1
322,3899,45000,50000,0.9,432110,11.312613346189046,4.779776142804191,6.5328372033848545,4.5521677550516095,130.65674406769713,135.20891182274875,0.455216775505161,13.065674406769713,13.520891182274875,0.8977660037689393,0.8977660037689393,1
321,3918,45003,50000,0.90006,432759,11.32960412645721,4.764932117515979,6.564672008941232,4.5380305881104555,131.29344017882465,135.8314707669351,0.45380305881104555,13.129344017882465,13.583147076693509,0.897826589732955,0.897826589732955,1
320,3934,45008,50000,0.90016,433216,11.34156835847963,4.750088092227767,6.591480266251864,4.523893421169301,131.8296053250373,136.3534987462066,0.45238934211693016,13.18296053250373,13.63534987462066,0.8979275668849466,0.8979275668849466,1
319,3951,45000,50000,0.9,433737,11.355208106583968,4.735244066939555,6.619964039644412,4.509756254228147,132.39928079288825,136.90903704711639,0.4509756254228147,13.239928079288823,13.690903704711639,0.8977660037689393,0.8977660037689393,1
318,3970,45003,50000,0.90006,434386,11.372198886852132,4.720400041651343,6.651798845200788,4.495619087286993,133.0359769040158,137.5315959913028,0.44956190872869933,13.303597690401581,13.75315959913028,0.897826589732955,0.897826589732955,1
317,3988,45013,50000,0.90026,434971,11.387514151038381,4.705556016363132,6.68195813467525,4.481481920345839,133.63916269350503,138.12064461385086,0.44814819203458395,13.363916269350502,13.812064461385086,0.8980285447193513,0.8980285447193513,1
316,4008,45000,50000,0.9,435684,11.406180447388461,4.69071199107492,6.715468456313541,4.467344753404685,134.30936912627087,138.77671387967555,0.4467344753404685,13.430936912627086,13.877671387967556,0.8977660037689393,0.8977660037689393,1
315,4027,45002,50000,0.90004,436333,11.423171227656626,4.675867965786708,6.747303261869918,4.453207586463531,134.9460652373984,139.3992728238619,0.4453207586463531,13.494606523739838,13.93992728238619,0.8978063943843658,0.8978063943843658,1
314,4046,45004,50000,0.90008,436982,11.44016200792479,4.661023940498496,6.779138067426294,4.439070419522377,135.5827613485259,140.0218317680483,0.4439070419522377,13.55827613485259,14.002183176804829,0.8978467851088042,0.8978467851088042,1
313,4063,45008,50000,0.90016,437503,11.453801756029126,4.6461799152102845,6.807621840818842,4.424933252581223,136.15243681637688,140.5773700689581,0.4424933252581223,13.615243681637688,14.057737006895808,0.8979275668849466,0.8979275668849466,1
312,4079,45004,50000,0.90008,437960,11.465765988051547,4.631335889922073,6.8344300981294746,4.410796085640069,136.68860196258953,141.0993980482296,0.4410796085640069,13.668860196258953,14.10993980482296,0.8978467851088042,0.8978467851088042,1
311,4096,45006,50000,0.90012,438481,11.479405736155883,4.616491864633861,6.862913871522022,4.396658918698915,137.25827743044047,141.65493634913938,0.43966589186989147,13.725827743044047,14.165493634913936,0.8978871759423113,0.8978871759423113,1
310,4114,45000,50000,0.9,439066,11.494721000342134,4.601647839345649,6.893073160996485,4.382521751757761,137.8614632199297,142.24398497168747,0.4382521751757761,13.78614632199297,14.224398497168746,0.8977660037689393,0.8977660037689393,1
309,4135,45003,50000,0.90006,439843,11.515062812774127,4.586803814057437,6.92825899871669,4.3683845848166065,138.56517997433383,142.93356455915043,0.43683845848166064,13.856517997433382,14.293356455915042,0.897826589732955,0.897826589732955,1
308,4152,45002,50000,0.90004,440364,11.528702560878463,4.571959788769226,6.956742772109237,4.354247417875452,139.13485544218477,143.48910286006023,0.43542474178754526,13.913485544218478,14.348910286006022,0.8978063943843658,0.8978063943843658,1
307,4168,45003,50000,0.90006,440821,11.540666792900884,4.557115763481014,6.98355102941987,4.340110250934298,139.67102058839743,144.0111308393317,0.43401102509342987,13.967102058839743,14.40111308393317,0.897826589732955,0.897826589732955,1
306,4187,45005,50000,0.9001,441470,11.557657573169049,4.542271738192802,7.015385834976247,4.325973083993144,140.30771669952497,144.63368978351812,0.43259730839931443,14.030771669952497,14.463368978351813,0.8978669805119213,0.8978669805119213,1
305,4205,45007,50000,0.90014,442055,11.5729728373553,4.527427712904591,7.045545124450709,4.31183591705199,140.9109024890142,145.22273840606618,0.43118359170519904,14.09109024890142,14.522273840606617,0.8979073713999849,0.8979073713999849,1
304,4222,45006,50000,0.90012,442576,11.586612585459635,4.512583687616378,7.074028897843257,4.297698750110836,141.48057795686515,145.778276706976,0.4297698750110836,14.148057795686514,14.5778276706976,0.8978871759423113,0.8978871759423113,1
303,4240,45008,50000,0.90016,443161,11.601927849645886,4.497739662328167,7.104188187317718,4.283561583169682,142.0837637463544,146.36732532952408,0.4283561583169682,14.208376374635442,14.636732532952408,0.8979275668849466,0.8979275668849466,1
302,4256,45014,50000,0.90028,443618,11.613892081668306,4.482895637039955,7.130996444628352,4.269424416228528,142.61992889256706,146.8893533087956,0.42694244162285283,14.261992889256707,14.68893533087956,0.8980487403682019,0.8980487403682019,1
301,4273,45006,50000,0.90012,444139,11.627531829772643,4.4680516117517435,7.1594802180208985,4.255287249287374,143.189604360418,147.44489160970537,0.4255287249287374,14.3189604360418,14.744489160970538,0.8978871759423113,0.8978871759423113,1
300,4288,45005,50000,0.9001,444532,11.637820545713149,4.453207586463532,7.184612959249617,4.24115008234622,143.69225918499237,147.9334092673386,0.424115008234622,14.369225918499236,14.79334092673386,0.8978669805119213,0.8978669805119213,1
299,4305,45005,50000,0.9001,445053,11.651460293817484,4.438363561175319,7.213096732642165,4.227012915405066,144.2619346528433,148.48894756824836,0.42270129154050656,14.42619346528433,14.848894756824837,0.8978669805119213,0.8978669805119213,1
298,4323,45006,50000,0.90012,445638,11.666775558003735,4.423519535887108,7.2432560221166264,4.2128757484639126,144.86512044233257,149.07799619079648,0.42128757484639123,14.486512044233256,14.907799619079647,0.8978871759423113,0.8978871759423113,1
297,4341,45007,50000,0.90014,446223,11.682090822189984,4.408675510598896,7.273415311591089,4.1987385815227585,145.4683062318218,149.66704481334455,0.41987385815227585,14.546830623182181,14.966704481334455,0.8979073713999849,0.8979073713999849,1
296,4358,45004,50000,0.90008,446744,11.695730570294321,4.393831485310685,7.301899084983636,4.184601414581604,146.03798169967274,150.22258311425435,0.4184601414581604,14.603798169967275,15.022258311425434,0.8978467851088042,0.8978467851088042,1
295,4377,45006,50000,0.90012,447393,11.712721350562486,4.378987460022473,7.333733890540013,4.17046424764045,146.6746778108003,150.84514205844073,0.417046424764045,14.66746778108003,15.084514205844073,0.8978871759423113,0.8978871759423113,1
294,4393,45005,50000,0.9001,447850,11.724685582584906,4.3641434347342605,7.360542147850645,4.156327080699296,147.21084295701294,151.36717003771224,0.4156327080699296,14.721084295701294,15.136717003771224,0.8978669805119213,0.8978669805119213,1
293,4413,45010,50000,0.9002,448563,11.743351878934986,4.349299409446049,7.394052469488937,4.142189913758142,147.88104938977875,152.02323930353688,0.4142189913758142,14.788104938977874,15.202323930353689,0.8979679579367683,0.8979679579367683,1
292,4432,45010,50000,0.9002,449212,11.76034265920315,4.334455384157837,7.425887275045313,4.128052746816988,148.5177455009063,152.6457982477233,0.4128052746816988,14.85177455009063,15.264579824772328,0.8979679579367683,0.8979679579367683,1
291,4448,45005,50000,0.9001,449669,11.772306891225572,4.319611358869626,7.452695532355946,4.113915579875834,149.05391064711895,153.16782622699478,0.41139155798758337,14.905391064711896,15.316782622699478,0.8978669805119213,0.8978669805119213,1
290,4465,45001,50000,0.90002,450190,11.785946639329907,4.304767333581414,7.481179305748493,4.09977841293468,149.6235861149699,153.72336452790458,0.409977841293468,14.96235861149699,15.372336452790458,0.8977861990630301,0.8977861990630301,1
289,4482,45000,50000,0.9,450711,11.799586387434243,4.2899233082932025,7.509663079141041,4.085641245993526,150.19326158282084,154.27890282881435,0.40856412459935254,15.019326158282084,15.427890282881435,0.8977660037689393,0.8977660037689393,1
288,4499,45008,50000,0.90016,451232,11.813226135538578,4.27507928300499,7.538146852533589,4.071504079052372,150.7629370506718,154.83444112972418,0.40715040790523715,15.076293705067181,15.483444112972418,0.8979275668849466,0.8979275668849466,1
287,4516,45007,50000,0.90014,451753,11.826865883642915,4.260235257716778,7.566630625926136,4.057366912111218,151.33261251852275,155.38997943063396,0.40573669121112177,15.133261251852275,15.538997943063396,0.8979073713999849,0.8979073713999849,1
286,4534,45003,50000,0.90006,452338,11.842181147829164,4.245391232428567,7.596789915400598,4.043229745170064,151.93579830801198,155.97902805318205,0.40432297451700633,15.193579830801198,15.597902805318204,0.897826589732955,0.897826589732955,1
285,4553,45013,50000,0.90026,452987,11.859171928097329,4.230547207140355,7.628624720956974,4.0290925782289095,152.57249441913953,156.60158699736843,0.40290925782289094,15.257249441913952,15.660158699736844,0.8980285447193513,0.8980285447193513,1
284,4572,45005,50000,0.9001,453636,11.876162708365495,4.2157031818521435,7.6604595265133515,4.0149554112877555,153.20919053026705,157.2241459415548,0.4014955411287755,15.320919053026705,15.722414594155481,0.8978669805119213,0.8978669805119213,1
283,4592,45011,50000,0.90022,454349,11.894829004715573,4.200859156563931,7.693969848151642,4.000818244346601,153.87939696303286,157.88021520737945,0.4000818244346601,15.387939696303286,15.788021520737944,0.8979881535036419,0.8979881535036419,1
282,4612,45000,50000,0.9,455062,11.913495301065653,4.1860151312757194,7.727480169789933,3.986681077405447,154.5496033957987,158.53628447320415,0.39866810774054473,15.45496033957987,15.853628447320414,0.8977660037689393,0.8977660037689393,1
281,4636,45011,50000,0.90022,456031,11.93886366174339,4.171171105987508,7.7676925557558825,3.972543910464293,155.3538511151177,159.32639502558197,0.3972543910464293,15.535385111511768,15.932639502558198,0.8979881535036419,0.8979881535036419,1
280,4651,45003,50000,0.90006,456424,11.949152377683896,4.156327080699296,7.792825296984601,3.9584067435231387,155.85650593969206,159.8149126832152,0.3958406743523139,15.585650593969206,15.981491268321518,0.897826589732955,0.897826589732955,1
279,4671,45011,50000,0.90022,457137,11.967818674033976,4.141483055411085,7.826335618622892,3.9442695765819846,156.52671237245787,160.47098194903984,0.39442695765819846,15.652671237245785,16.047098194903985,0.8979881535036419,0.8979881535036419,1
278,4691,45001,50000,0.90002,457850,11.986484970384057,4.126639030122872,7.8598459402611836,3.9301324096408305,157.1969188052237,161.12705121486454,0.3930132409640831,15.71969188052237,16.112705121486453,0.8977861990630301,0.8977861990630301,1
277,4711,45000,50000,0.9,458563,12.005151266734135,4.1117950048346605,7.893356261899474,3.915995242699677,157.8671252379895,161.78312048068918,0.3915995242699677,15.78671252379895,16.178312048068918,0.8977660037689393,0.8977660037689393,1
276,4730,45002,50000,0.90004,459212,12.0221420470023,4.096950979546449,7.9251910674558514,3.901858075758523,158.50382134911706,162.4056794248756,0.39018580757585225,15.850382134911706,16.24056794248756,0.8978063943843658,0.8978063943843658,1
275,4749,45005,50000,0.9001,459861,12.039132827270464,4.082106954258237,7.957025873012228,3.8877209088173688,159.14051746024458,163.02823836906194,0.38877209088173686,15.914051746024457,16.302823836906196,0.8978669805119213,0.8978669805119213,1
274,4771,45012,50000,0.90024,460702,12.061150155784373,4.067262928970026,7.993887226814348,3.8735837418762147,159.877744536287,163.75132827816321,0.3873583741876214,15.987774453628699,16.375132827816323,0.8980083490978338,0.8980083490978338,1
273,4789,45003,50000,0.90006,461287,12.076465419970624,4.052418903681813,8.02404651628881,3.8594465749350606,160.48093032577623,164.34037690071128,0.38594465749350604,16.048093032577622,16.434037690071126,0.897826589732955,0.897826589732955,1
272,4808,45010,50000,0.9002,461936,12.093456200238789,4.037574878393602,8.055881321845186,3.8453094079939065,161.11762643690375,164.96293584489766,0.38453094079939065,16.111762643690376,16.496293584489766,0.8979679579367683,0.8979679579367683,1
271,4826,45001,50000,0.90002,462521,12.108771464425038,4.02273085310539,8.086040611319648,3.8311722410527524,161.720812226393,165.55198446744575,0.3831172241052752,16.1720812226393,16.555198446744576,0.8977861990630301,0.8977861990630301,1
270,4848,45003,50000,0.90006,463362,12.130788792938947,4.007886827817178,8.122901965121768,3.8170350741115984,162.4580393024354,166.275074376547,0.3817035074111598,16.24580393024354,16.6275074376547,0.897826589732955,0.897826589732955,1
269,4869,45007,50000,0.90014,464139,12.151130605370941,3.9930428025289664,8.158087802841974,3.8028979071704443,163.16175605683952,166.96465396400995,0.3802897907170444,16.316175605683952,16.696465396400995,0.8979073713999849,0.8979073713999849,1
268,4886,45003,50000,0.90006,464660,12.164770353475276,3.9781987772407548,8.186571576234522,3.78876074022929,163.73143152469046,167.52019226491976,0.378876074022929,16.373143152469048,16.752019226491974,0.897826589732955,0.897826589732955,1
267,4903,45005,50000,0.9001,465181,12.178410101579612,3.963354751952543,8.21505534962707,3.774623573288136,164.3011069925414,168.07573056582953,0.3774623573288136,16.43011069925414,16.807573056582953,0.8978669805119213,0.8978669805119213,1
266,4920,45007,50000,0.90014,465702,12.192049849683947,3.948510726664331,8.243539123019616,3.760486406346982,164.87078246039238,168.63126886673936,0.3760486406346982,16.487078246039236,16.86312688667394,0.8979073713999849,0.8979073713999849,1
265,4937,45010,50000,0.9002,466223,12.205689597788284,3.9336667013761195,8.272022896412164,3.746349239405828,165.44045792824332,169.18680716764914,0.3746349239405828,16.54404579282433,16.918680716764914,0.8979679579367683,0.8979679579367683,1
264,4955,45011,50000,0.90022,466808,12.221004861974533,3.918822676087908,8.302182185886625,3.732212072464674,166.04364371773255,169.77585579019723,0.37322120724646735,16.604364371773254,16.977585579019724,0.8979881535036419,0.8979881535036419,1
263,4970,45002,50000,0.90004,467201,12.231293577915041,3.903978650799696,8.327314927115344,3.71807490552352,166.54629854230691,170.26437344783042,0.37180749055235196,16.65462985423069,17.026437344783044,0.8978063943843658,0.8978063943843658,1
262,4994,45004,50000,0.90008,468170,12.256661938592778,3.8891346255114843,8.367527313081293,3.7039377385823657,167.3505462616259,171.05448400020828,0.3703937738582366,16.73505462616259,17.10544840002083,0.8978467851088042,0.8978467851088042,1
261,5015,45010,50000,0.9002,468947,12.277003751024772,3.874290600223272,8.4027131508015,3.6898005716412117,168.05426301603003,171.74406358767123,0.36898005716412113,16.805426301603003,17.174406358767122,0.8979679579367683,0.8979679579367683,1
260,5033,45012,50000,0.90024,469532,12.292319015211023,3.8594465749350606,8.432872440275961,3.6756634047000576,168.65744880551927,172.33311221021933,0.36756634047000575,16.865744880551926,17.233311221021932,0.8980083490978338,0.8980083490978338,1
259,5050,45007,50000,0.90014,470053,12.305958763315358,3.844602549646849,8.461356213668509,3.6615262377589035,169.2271242733702,172.8886505111291,0.3661526237758903,16.92271242733702,17.28886505111291,0.8979073713999849,0.8979073713999849,1
258,5070,45007,50000,0.90014,470766,12.324625059665438,3.829758524358637,8.4948665353068,3.6473890708177494,169.89733070613605,173.5447197769538,0.3647389070817749,16.989733070613607,17.35447197769538,0.8979073713999849,0.8979073713999849,1
257,5088,45003,50000,0.90006,471351,12.339940323851687,3.8149144990704253,8.525025824781261,3.6332519038765954,170.50051649562528,174.13376839950186,0.36332519038765954,17.050051649562526,17.413376839950185,0.897826589732955,0.897826589732955,1
256,5107,45002,50000,0.90004,472000,12.356931104119852,3.8000704737822137,8.556860630337638,3.6191147369354413,171.1372126067528,174.75632734368824,0.3619114736935441,17.11372126067528,17.475632734368823,0.8978063943843658,0.8978063943843658,1
255,5129,45000,50000,0.9,472841,12.378948432633761,3.7852264484940017,8.593721984139759,3.604977569994287,171.8744396827952,175.4794172527895,0.3604977569994287,17.18744396827952,17.54794172527895,0.8977660037689393,0.8977660037689393,1
254,5148,45011,50000,0.90022,473490,12.395939212901926,3.77038242320579,8.625556789696136,3.590840403053133,172.51113579392273,176.10197619697587,0.35908404030531327,17.251113579392275,17.610197619697587,0.8979881535036419,0.8979881535036419,1
253,5165,45002,50000,0.90004,474011,12.409578961006261,3.755538397917578,8.654040563088683,3.576703236111979,173.0808112617737,176.65751449788567,0.3576703236111979,17.30808112617737,17.66575144978857,0.8978063943843658,0.8978063943843658,1
252,5187,45009,50000,0.90018,474852,12.43159628952017,3.7406943726293664,8.690901916890803,3.562566069170825,173.8180383378161,177.38060440698692,0.3562566069170825,17.38180383378161,17.738060440698693,0.8979477623972059,0.8979477623972059,1
251,5204,45004,50000,0.90008,475373,12.445236037624506,3.725850347341155,8.719385690283351,3.548428902229671,174.38771380566703,177.9361427078967,0.35484289022296706,17.438771380566706,17.793614270789668,0.8978467851088042,0.8978467851088042,1
250,5222,45006,50000,0.90012,475958,12.460551301810755,3.711006322052943,8.749544979757813,3.534291735288517,174.9908995951563,178.5251913304448,0.35342917352885167,17.49908995951563,17.85251913304448,0.8978871759423113,0.8978871759423113,1
249,5239,45005,50000,0.9001,476479,12.474191049915092,3.696162296764731,8.77802875315036,3.5201545683473627,175.56057506300724,179.0807296313546,0.35201545683473623,17.556057506300725,17.90807296313546,0.8978669805119213,0.8978669805119213,1
248,5262,45009,50000,0.90018,477384,12.497883894510915,3.6813182714765196,8.816565623034395,3.5060174014062087,176.33131246068794,179.83732986209415,0.35060174014062084,17.633131246068796,17.983732986209414,0.8979477623972059,0.8979477623972059,1
247,5280,45011,50000,0.90022,477969,12.513199158697164,3.6664742461883075,8.846724912508858,3.4918802344650546,176.93449825017717,180.4263784846422,0.34918802344650546,17.693449825017716,18.042637848464224,0.8979881535036419,0.8979881535036419,1
246,5305,45009,50000,0.90018,479002,12.540243035456816,3.651630220900096,8.888612814556721,3.4777430675239005,177.77225629113445,181.24999935865836,0.34777430675239,17.77722562911345,18.124999935865834,0.8979477623972059,0.8979477623972059,1
245,5327,45005,50000,0.9001,479843,12.562260363970726,3.636786195611884,8.925474168358841,3.4636059005827464,178.50948336717684,181.97308926775958,0.34636059005827463,17.850948336717682,18.197308926775957,0.8978669805119213,0.8978669805119213,1
244,5350,45002,50000,0.90004,480748,12.585953208566549,3.6219421703236723,8.964011038242877,3.4494687336415923,179.28022076485755,182.72968949849914,0.3449468733641592,17.928022076485753,18.272968949849915,0.8978063943843658,0.8978063943843658,1
243,5370,45001,50000,0.90002,481461,12.604619504916627,3.6070981450354607,8.997521359881167,3.4353315667004383,179.95042719762338,183.3857587643238,0.3435331566700438,17.99504271976234,18.33857587643238,0.8977861990630301,0.8977861990630301,1
242,5389,45009,50000,0.90018,482110,12.621610285184792,3.5922541197472486,9.029356165437543,3.421194399759284,180.5871233087509,184.0083177085102,0.3421194399759284,18.05871233087509,18.400831770851017,0.8979477623972059,0.8979477623972059,1
241,5409,45000,50000,0.9,482823,12.640276581534872,3.577410094459037,9.062866487075835,3.40705723281813,181.2573297415167,184.66438697433483,0.340705723281813,18.12573297415167,18.466438697433485,0.8977660037689393,0.8977660037689393,1
240,5430,45000,50000,0.9,483600,12.660618393966866,3.5625660691708254,9.09805232479604,3.392920065876976,181.96104649592084,185.35396656179782,0.3392920065876976,18.196104649592087,18.53539665617978,0.8977660037689393,0.8977660037689393,1
239,5448,45000,50000,0.9,484185,12.675933658153117,3.5477220438826134,9.128211614270503,3.378782898935822,182.56423228541007,185.94301518434588,0.33787828989358215,18.256423228541006,18.59430151843459,0.8977660037689393,0.8977660037689393,1
238,5467,45009,50000,0.90018,484834,12.692924438421281,3.5328780185944018,9.160046419826879,3.364645731994668,183.20092839653762,186.5655741285323,0.33646457319946677,18.320092839653764,18.65655741285323,0.8979477623972059,0.8979477623972059,1
