N_A,successes,trials,probability,Wilson95_low,Wilson95_high,CP95_one_sided_lower
1,0,150000,0.0,0.0,2.5609069630051364e-05,0.0
2,0,150000,0.0,0.0,2.5609069630051364e-05,0.0
3,0,150000,0.0,0.0,2.5609069630051364e-05,0.0
4,0,150000,0.0,0.0,2.5609069630051364e-05,0.0
5,0,150000,0.0,0.0,2.5609069630051364e-05,0.0
6,0,150000,0.0,0.0,2.5609069630051364e-05,0.0
7,0,150000,0.0,0.0,2.5609069630051364e-05,0.0
8,0,150000,0.0,0.0,2.5609069630051364e-05,0.0
9,0,150000,0.0,0.0,2.5609069630051364e-05,0.0
10,0,150000,0.0,0.0,2.5609069630051364e-05,0.0
11,0,150000,0.0,0.0,2.5609069630051364e-05,0.0
12,0,150000,0.0,0.0,2.5609069630051364e-05,0.0
13,0,150000,0.0,0.0,2.5609069630051364e-05,0.0
14,0,150000,0.0,0.0,2.5609069630051364e-05,0.0
15,0,150000,0.0,0.0,2.5609069630051364e-05,0.0
16,0,150000,0.0,0.0,2.5609069630051364e-05,0.0
17,0,150000,0.0,0.0,2.5609069630051364e-05,0.0
18,0,150000,0.0,0.0,2.5609069630051364e-05,0.0
19,0,150000,0.0,0.0,2.5609069630051364e-05,0.0
20,0,150000,0.0,0.0,2.5609069630051364e-05,0.0
21,0,150000,0.0,0.0,2.5609069630051364e-05,0.0
22,0,150000,0.0,0.0,2.5609069630051364e-05,0.0
23,0,150000,0.0,0.0,2.5609069630051364e-05,0.0
24,0,150000,0.0,0.0,2.5609069630051364e-05,0.0
25,0,150000,0.0,0.0,2.5609069630051364e-05,0.0
26,0,150000,0.0,0.0,2.5609069630051364e-05,0.0
27,0,150000,0.0,0.0,2.5609069630051364e-05,0.0
28,0,150000,0.0,0.0,2.5609069630051364e-05,0.0
29,0,150000,0.0,0.0,2.5609069630051364e-05,0.0
30,0,150000,0.0,0.0,2.5609069630051364e-05,0.0
31,0,150000,0.0,0.0,2.5609069630051364e-05,0.0
32,1,150000,6.666666666666667e-06,1.1768313355787803e-06,3.776523017354418e-05,3.419552374502981e-07
33,1,150000,6.666666666666667e-06,1.1768313355787803e-06,3.776523017354418e-05,3.419552374502981e-07
34,1,150000,6.666666666666667e-06,1.1768313355787803e-06,3.776523017354418e-05,3.419552374502981e-07
35,1,150000,6.666666666666667e-06,1.1768313355787803e-06,3.776523017354418e-05,3.419552374502981e-07
36,1,150000,6.666666666666667e-06,1.1768313355787803e-06,3.776523017354418e-05,3.419552374502981e-07
37,2,150000,1.3333333333333333e-05,3.6564885367887956e-06,4.861856485140576e-05,2.3690818286757955e-06
38,2,150000,1.3333333333333333e-05,3.6564885367887956e-06,4.861856485140576e-05,2.3690818286757955e-06
39,2,150000,1.3333333333333333e-05,3.6564885367887956e-06,4.861856485140576e-05,2.3690818286757955e-06
40,2,150000,1.3333333333333333e-05,3.6564885367887956e-06,4.861856485140576e-05,2.3690818286757955e-06
41,2,150000,1.3333333333333333e-05,3.6564885367887956e-06,4.861856485140576e-05,2.3690818286757955e-06
42,2,150000,1.3333333333333333e-05,3.6564885367887956e-06,4.861856485140576e-05,2.3690818286757955e-06
43,2,150000,1.3333333333333333e-05,3.6564885367887956e-06,4.861856485140576e-05,2.3690818286757955e-06
44,2,150000,1.3333333333333333e-05,3.6564885367887956e-06,4.861856485140576e-05,2.3690818286757955e-06
45,2,150000,1.3333333333333333e-05,3.6564885367887956e-06,4.861856485140576e-05,2.3690818286757955e-06
46,2,150000,1.3333333333333333e-05,3.6564885367887956e-06,4.861856485140576e-05,2.3690818286757955e-06
47,2,150000,1.3333333333333333e-05,3.6564885367887956e-06,4.861856485140576e-05,2.3690818286757955e-06
48,2,150000,1.3333333333333333e-05,3.6564885367887956e-06,4.861856485140576e-05,2.3690818286757955e-06
49,2,150000,1.3333333333333333e-05,3.6564885367887956e-06,4.861856485140576e-05,2.3690818286757955e-06
50,2,150000,1.3333333333333333e-05,3.6564885367887956e-06,4.861856485140576e-05,2.3690818286757955e-06
51,2,150000,1.3333333333333333e-05,3.6564885367887956e-06,4.861856485140576e-05,2.3690818286757955e-06
52,2,150000,1.3333333333333333e-05,3.6564885367887956e-06,4.861856485140576e-05,2.3690818286757955e-06
53,2,150000,1.3333333333333333e-05,3.6564885367887956e-06,4.861856485140576e-05,2.3690818286757955e-06
54,2,150000,1.3333333333333333e-05,3.6564885367887956e-06,4.861856485140576e-05,2.3690818286757955e-06
55,2,150000,1.3333333333333333e-05,3.6564885367887956e-06,4.861856485140576e-05,2.3690818286757955e-06
56,2,150000,1.3333333333333333e-05,3.6564885367887956e-06,4.861856485140576e-05,2.3690818286757955e-06
57,2,150000,1.3333333333333333e-05,3.6564885367887956e-06,4.861856485140576e-05,2.3690818286757955e-06
58,2,150000,1.3333333333333333e-05,3.6564885367887956e-06,4.861856485140576e-05,2.3690818286757955e-06
59,2,150000,1.3333333333333333e-05,3.6564885367887956e-06,4.861856485140576e-05,2.3690818286757955e-06
60,2,150000,1.3333333333333333e-05,3.6564885367887956e-06,4.861856485140576e-05,2.3690818286757955e-06
61,2,150000,1.3333333333333333e-05,3.6564885367887956e-06,4.861856485140576e-05,2.3690818286757955e-06
62,2,150000,1.3333333333333333e-05,3.6564885367887956e-06,4.861856485140576e-05,2.3690818286757955e-06
63,2,150000,1.3333333333333333e-05,3.6564885367887956e-06,4.861856485140576e-05,2.3690818286757955e-06
64,2,150000,1.3333333333333333e-05,3.6564885367887956e-06,4.861856485140576e-05,2.3690818286757955e-06
65,2,150000,1.3333333333333333e-05,3.6564885367887956e-06,4.861856485140576e-05,2.3690818286757955e-06
66,2,150000,1.3333333333333333e-05,3.6564885367887956e-06,4.861856485140576e-05,2.3690818286757955e-06
67,2,150000,1.3333333333333333e-05,3.6564885367887956e-06,4.861856485140576e-05,2.3690818286757955e-06
68,2,150000,1.3333333333333333e-05,3.6564885367887956e-06,4.861856485140576e-05,2.3690818286757955e-06
69,2,150000,1.3333333333333333e-05,3.6564885367887956e-06,4.861856485140576e-05,2.3690818286757955e-06
70,2,150000,1.3333333333333333e-05,3.6564885367887956e-06,4.861856485140576e-05,2.3690818286757955e-06
71,2,150000,1.3333333333333333e-05,3.6564885367887956e-06,4.861856485140576e-05,2.3690818286757955e-06
72,2,150000,1.3333333333333333e-05,3.6564885367887956e-06,4.861856485140576e-05,2.3690818286757955e-06
73,2,150000,1.3333333333333333e-05,3.6564885367887956e-06,4.861856485140576e-05,2.3690818286757955e-06
74,2,150000,1.3333333333333333e-05,3.6564885367887956e-06,4.861856485140576e-05,2.3690818286757955e-06
75,3,150000,2e-05,6.801827638291568e-06,5.880621762897461e-05,5.451297798230162e-06
76,3,150000,2e-05,6.801827638291568e-06,5.880621762897461e-05,5.451297798230162e-06
77,3,150000,2e-05,6.801827638291568e-06,5.880621762897461e-05,5.451297798230162e-06
78,4,150000,2.6666666666666667e-05,1.0370193210422197e-05,6.857084393591555e-05,9.108838915066604e-06
79,4,150000,2.6666666666666667e-05,1.0370193210422197e-05,6.857084393591555e-05,9.108838915066604e-06
80,4,150000,2.6666666666666667e-05,1.0370193210422197e-05,6.857084393591555e-05,9.108838915066604e-06
81,4,150000,2.6666666666666667e-05,1.0370193210422197e-05,6.857084393591555e-05,9.108838915066604e-06
82,4,150000,2.6666666666666667e-05,1.0370193210422197e-05,6.857084393591555e-05,9.108838915066604e-06
83,4,150000,2.6666666666666667e-05,1.0370193210422197e-05,6.857084393591555e-05,9.108838915066604e-06
84,4,150000,2.6666666666666667e-05,1.0370193210422197e-05,6.857084393591555e-05,9.108838915066604e-06
85,6,150000,4e-05,1.8332483624028974e-05,8.727453728045199e-05,1.7420236901914307e-05
86,7,150000,4.6666666666666665e-05,2.2605936441174188e-05,9.633407634237836e-05,2.190230280729449e-05
87,7,150000,4.6666666666666665e-05,2.2605936441174188e-05,9.633407634237836e-05,2.190230280729449e-05
88,8,150000,5.333333333333333e-05,2.7025566012284378e-05,0.00010524743865033978,2.6539085664845698e-05
89,9,150000,6e-05,3.156747050805881e-05,0.00011403852603363693,3.130186175832453e-05
90,9,150000,6e-05,3.156747050805881e-05,0.00011403852603363693,3.130186175832453e-05
91,11,150000,7.333333333333333e-05,4.095005493535505e-05,0.0001313219253644839,4.1127240464538074e-05
92,11,150000,7.333333333333333e-05,4.095005493535505e-05,0.0001313219253644839,4.1127240464538074e-05
93,11,150000,7.333333333333333e-05,4.095005493535505e-05,0.0001313219253644839,4.1127240464538074e-05
94,11,150000,7.333333333333333e-05,4.095005493535505e-05,0.0001313219253644839,4.1127240464538074e-05
95,12,150000,8e-05,4.57656354037517e-05,0.00013983933677515887,4.616204392337604e-05
96,13,150000,8.666666666666667e-05,5.065136607593491e-05,0.0001482865979820472,5.1264591864387296e-05
97,14,150000,9.333333333333333e-05,5.559983059019063e-05,0.00015667112534686312,5.642710335453241e-05
98,15,150000,0.0001,6.060483406063853e-05,0.00016499911375548684,6.164318006502602e-05
99,17,150000,0.00011333333333333333,7.07642688080531e-05,0.00018150566276621544,7.221551307093665e-05
100,19,150000,0.00012666666666666666,8.109606670460428e-05,0.00019783984862780743,8.29478847476269e-05
101,22,150000,0.00014666666666666666,9.686308511045078e-05,0.00022207180585917573,9.929361137679932e-05
102,22,150000,0.00014666666666666666,9.686308511045078e-05,0.00022207180585917573,9.929361137679932e-05
103,24,150000,0.00016,0.00010752680757870722,0.00023807406714906247,0.0001103292972817154
104,24,150000,0.00016,0.00010752680757870722,0.00023807406714906247,0.0001103292972817154
105,24,150000,0.00016,0.00010752680757870722,0.00023807406714906247,0.0001103292972817154
106,24,150000,0.00016,0.00010752680757870722,0.00023807406714906247,0.0001103292972817154
107,24,150000,0.00016,0.00010752680757870722,0.00023807406714906247,0.0001103292972817154
108,24,150000,0.00016,0.00010752680757870722,0.00023807406714906247,0.0001103292972817154
109,25,150000,0.00016666666666666666,0.00011289881980602652,0.00024603504680081477,0.00011588339537786255
110,25,150000,0.00016666666666666666,0.00011289881980602652,0.00024603504680081477,0.00011588339537786255
111,26,150000,0.00017333333333333334,0.0001182955456706632,0.0002539713128152497,0.00012145972313710586
112,28,150000,0.00018666666666666666,0.0001291578082457253,0.0002697750339983308,0.0001326740652365986
113,30,150000,0.0002,0.00014010405870388344,0.0002854947672983159,0.00014396341565813087
114,33,150000,0.00022,0.00015666370723727826,0.0003089340944021358,0.00016102213862627504
115,33,150000,0.00022,0.00015666370723727826,0.0003089340944021358,0.00016102213862627504
116,35,150000,0.00023333333333333333,0.0001677874070561541,0.00032447637834140316,0.00017246893452324669
117,37,150000,0.0002466666666666667,0.00017897177894657835,0.00033995799020912216,0.0001839692583333699
118,42,150000,0.00028,0.00020716848901866284,0.00037842623953239556,0.00021292730361521578
119,43,150000,0.0002866666666666667,0.00021284440343101793,0.0003860833169991122,0.00021875096070791806
120,46,150000,0.0003066666666666667,0.00022993796234243406,0.0004089887337249108,0.00023627943380287773
121,47,150000,0.0003133333333333333,0.00023565657944849558,0.0004166031084979208,0.00024214037299901016
122,51,150000,0.00034,0.00025862653086077556,0.0004469651246019273,0.00026566725483520413
123,53,150000,0.0003533333333333333,0.0002701649448712902,0.0004620926943495558,0.00027747714052151244
124,53,150000,0.0003533333333333333,0.0002701649448712902,0.0004620926943495558,0.00027747714052151244
125,56,150000,0.0003733333333333333,0.00028753387880628276,0.000484722736051778,0.0002952451535493096
126,56,150000,0.0003733333333333333,0.00028753387880628276,0.000484722736051778,0.0002952451535493096
127,57,150000,0.00038,0.0002933390066395409,0.0004922506000975916,0.0003011812391660238
128,64,150000,0.00042666666666666667,0.00033417233261846444,0.0005447482172721692,0.00034290456693623564
129,67,150000,0.00044666666666666666,0.00035176913280055705,0.0005671503927272913,0.00036086956058690886
130,69,150000,0.00046,0.0003635297338077388,0.0005820557754782527,0.00037287156001482015
131,70,150000,0.00046666666666666666,0.0003694184750597278,0.0005895000261053354,0.00037887982815076903
132,71,150000,0.0004733333333333333,0.0003753126852117194,0.0005969388078324153,0.0003848928033225857
133,74,150000,0.0004933333333333334,0.000393027012705307,0.0006192234559760426,0.0004029589945573726
134,77,150000,0.0005133333333333333,0.0004107866953404416,0.0006414627489781227,0.0004210641704934954
135,77,150000,0.0005133333333333333,0.0004107866953404416,0.0006414627489781227,0.0004210641704934954
136,77,150000,0.0005133333333333333,0.0004107866953404416,0.0006414627489781227,0.0004210641704934954
137,80,150000,0.0005333333333333334,0.0004285891401599271,0.0006636592797958521,0.0004392060684777179
138,83,150000,0.0005533333333333333,0.0004464319923318658,0.0006858154032611283,0.0004573826366776369
139,87,150000,0.00058,0.0004702816350896209,0.0007152977280196596,0.00048166878826832034
140,91,150000,0.0006066666666666667,0.0004941947291855795,0.0007447166014399874,0.000506009286617191
141,97,150000,0.0006466666666666667,0.0005301745000290425,0.000788734781870954,0.000542614265195529
142,102,150000,0.00068,0.0005602509513613415,0.000825323289934013,0.0005731981736017983
143,105,150000,0.0007,0.0005783347670769332,0.000847238449855636,0.0005915809260159219
144,111,150000,0.00074,0.0006145822586710906,0.0008909889095359081,0.0006284145844754469
145,115,150000,0.0007666666666666667,0.000638802994082051,0.0009201001416412342,0.0006530178958761576
146,115,150000,0.0007666666666666667,0.000638802994082051,0.0009201001416412342,0.0006530178958761576
147,120,150000,0.0008,0.0006691376143579474,0.0009564304807606958,0.000683822063826265
148,123,150000,0.00082,0.0006873681430187237,0.0009781989277371343,0.0007023299119026445
149,125,150000,0.0008333333333333334,0.0006995337270069909,0.0009926993275070103,0.0007146786083604958
150,126,150000,0.00084,0.0007056200033452321,0.0009999460430478407,0.0007208559227443179
151,129,150000,0.00086,0.0007238924441812611,0.0010216725778490264,0.0007393994507954804
152,132,150000,0.00088,0.0007421847574741907,0.0010433792401933117,0.0007579598878817409
153,136,150000,0.0009066666666666666,0.0007666042714315167,0.001072291693752272,0.0007827324532187893
154,139,150000,0.0009266666666666667,0.0007849404176840447,0.0010939545231369587,0.0008013301679790235
155,145,150000,0.0009666666666666667,0.0008216655014317668,0.0011372273906636665,0.0008385704682311111
156,147,150000,0.00098,0.0008339222463341434,0.001151636629519433,0.0008509966897641224
157,157,150000,0.0010466666666666667,0.0008953122099654322,0.00122357658467886,0.0009132180237104066
158,162,150000,0.00108,0.0009260700284261975,0.0012594837256134528,0.0009443820334482452
159,168,150000,0.00112,0.0009630311726820022,0.0013025205326320777,0.000981822764731843
160,176,150000,0.0011733333333333333,0.0010123956839942043,0.0013598199563524486,0.0010318141235532421
161,182,150000,0.0012133333333333334,0.0010494778116141943,0.001402735780006888,0.0010693574462344608
162,188,150000,0.0012533333333333333,0.0010866075599980907,0.0014456039828974212,0.0011069411269957893
163,192,150000,0.00128,0.001111386064045259,0.00147415744636654,0.0011320183822521612
164,205,150000,0.0013666666666666666,0.001192048126972347,0.001566824277867382,0.0012136311944497449
165,209,150000,0.0013933333333333332,0.001216905735166144,0.0015952986371898714,0.0012387754360225593
166,214,150000,0.0014266666666666666,0.0012480019004510946,0.0016308674313002787,0.0012702261830424147
167,221,150000,0.0014733333333333334,0.0012915799654469782,0.0016806203094578967,0.0013142939837696413
168,229,150000,0.0015266666666666666,0.0013414427566682237,0.0017374214532692236,0.0013647073438775741
169,240,150000,0.0016,0.0014101016234199164,0.001815425497187319,0.0014341082007751826
170,245,150000,0.0016333333333333334,0.0014413456689710074,0.001850846411031586,0.0014656840361603398
171,252,150000,0.00168,0.0014851228491904295,0.0019004001739656648,0.0015099202294694128
172,260,150000,0.0017333333333333333,0.0015352026677290988,0.001956984290459568,0.0015605170864435812
173,268,150000,0.0017866666666666667,0.0015853322219746356,0.002013518671246604,0.0016111559706868685
174,275,150000,0.0018333333333333333,0.0016292346477425048,0.002062947188632236,0.0016554979989902208
175,284,150000,0.0018933333333333332,0.001685731897499209,0.002126446865787176,0.0017125524883333484
176,291,150000,0.00194,0.0017297124826521468,0.00217579722378774,0.00175696053091266
177,296,150000,0.0019733333333333334,0.0017611469577363081,0.0022110277080989366,0.00178869725643807
178,307,150000,0.0020466666666666667,0.0018303585922950674,0.002288478984209965,0.0018585651541406976
179,313,150000,0.002086666666666667,0.0018681415740217009,0.002330693953757761,0.001896701238123586
180,323,150000,0.0021533333333333335,0.0019311600446396582,0.00240100540193052,0.001960300906910045
181,330,150000,0.0022,0.0019753065772769285,0.0024501898124467503,0.0020048490327561463
182,335,150000,0.0022333333333333333,0.0020068561958781453,0.002485305153240891,0.0020366829448369432
183,342,150000,0.00228,0.002051047952493289,0.002534444339779249,0.0020812692284805367
184,350,150000,0.0023333333333333335,0.0021015837413820193,0.0025905724859230923,0.0021322510695052964
185,363,150000,0.00242,0.0021837719915078517,0.0026817131302251896,0.0022151535763660925
186,378,150000,0.00252,0.0022787035159047664,0.0027867764840143494,0.0023108937475544112
187,388,150000,0.002586666666666667,0.0023420471450656477,0.002856762773644184,0.0023747677036237273
188,398,150000,0.0026533333333333335,0.00240543353163168,0.002926706305868868,0.002438677708651611
189,403,150000,0.0026866666666666666,0.0024371422570118274,0.002961662539884078,0.0024706458050733704
190,414,150000,0.00276,0.00250693674401246,0.0030385309635532327,0.0025410053655855924
191,426,150000,0.00284,0.002583129683223352,0.0031223339268912007,0.0026178063417312903
192,437,150000,0.0029133333333333333,0.002653020315109242,0.0031991062056750982,0.002688246934211247
193,448,150000,0.0029866666666666665,0.002722954269324081,0.0032758351621300467,0.002758724033116547
194,467,150000,0.0031133333333333334,0.002843846753168082,0.0034082695239884063,0.0028805393305925604
195,483,150000,0.00322,0.0029457420563828362,0.003519702090838798,0.0029831973868567957
196,494,150000,0.0032933333333333334,0.003015841108609621,0.0035962659492818007,0.00305381357512736
197,511,150000,0.003406666666666667,0.003124246550406447,0.003714521369429191,0.0031630070998014386
198,527,150000,0.003513333333333333,0.0032263501268430797,0.0038257456630577035,0.0032658405761436843
199,541,150000,0.003606666666666667,0.0033157477244383587,0.003923009951769428,0.0033558678400894097
200,552,150000,0.00368,0.0033860245918918594,0.003999395994985715,0.0034266337740063123
201,567,150000,0.00378,0.0034819057746274494,0.004103509690436198,0.003523174106589428
202,578,150000,0.003853333333333333,0.0035522534769715838,0.004179824898761851,0.00359399967762846
203,599,150000,0.003993333333333333,0.0036866322234686793,0.0043254389817252575,0.003729278287611265
204,609,150000,0.00406,0.003750657090838547,0.004394744033146107,0.003793726124710097
205,620,150000,0.0041333333333333335,0.003821109625077389,0.004470954409577054,0.003864639939546209
206,646,150000,0.004306666666666667,0.003987734782945179,0.004650987040565125,0.004032339404374308
207,658,150000,0.004386666666666666,0.004064684763918597,0.004734032962140565,0.004109777921913255
208,673,150000,0.004486666666666667,0.004160911519629039,0.004837801084616197,0.004206609122945011
209,690,150000,0.0046,0.004270019568660372,0.0049553538975290815,0.004316394115127845
210,703,150000,0.004686666666666666,0.004353490557145182,0.005045211803472201,0.00440037714859508
211,718,150000,0.0047866666666666665,0.0044498401755386375,0.00514885706326482,0.004497311728268455
212,739,150000,0.004926666666666667,0.004584793900674389,0.005293896167589574,0.004633074202346732
213,756,150000,0.00504,0.004694095115659297,0.005411255814548882,0.004743021712168202
214,771,150000,0.00514,0.004790575349630327,0.005514770458763924,0.0048400661749382476
215,783,150000,0.00522,0.004867784451402643,0.0055975572595404685,0.004917722702848964
216,799,150000,0.005326666666666667,0.004970763436330815,0.005707906144677444,0.005021292931817837
217,817,150000,0.0054466666666666665,0.005086659279185555,0.005832004155645991,0.005137846855984519
218,828,150000,0.00552,0.005157507069632589,0.0059078192758687436,0.005209093222958882
219,854,150000,0.005693333333333333,0.005325031282081468,0.006086952852275728,0.005377549065618624
220,872,150000,0.0058133333333333335,0.005441062027847669,0.006210915960332816,0.005494216447156249
221,892,150000,0.005946666666666667,0.005570033579838542,0.006348604245923374,0.005623887658201839
222,910,150000,0.006066666666666666,0.005686150272773725,0.006472481406811479,0.005740627315628031
223,926,150000,0.006173333333333334,0.005789397762016381,0.00658256178763397,0.005844423355713106
224,943,150000,0.006286666666666667,0.005899130974343809,0.00669948943725076,0.005954734190406465
225,966,150000,0.00644,0.0060476457014534786,0.006857633523359737,0.006104022106026704
226,990,150000,0.0066,0.006202679438377203,0.007022591591533731,0.006259852801237735
227,1010,150000,0.006733333333333333,0.006331920854227822,0.007160010013264544,0.006389750922329395
228,1032,150000,0.00688,0.00647413379941933,0.00731112288941261,0.006532678695185048
229,1059,150000,0.00706,0.006648733487142572,0.0074965139824243006,0.00670814521725366
230,1081,150000,0.007206666666666667,0.006791051594863804,0.007647521696042644,0.006851161396792302
231,1107,150000,0.00738,0.006959303524003089,0.007825927555759222,0.00702022910730619
232,1126,150000,0.007506666666666667,0.007082295270637921,0.007956262654826749,0.007143810878305351
233,1152,150000,0.00768,0.007250650700376466,0.008134565013944066,0.007312965588880607
234,1170,150000,0.0078,0.0073672380050014375,0.008257971563142385,0.007430100892483347
235,1198,150000,0.007986666666666666,0.0075486489375594336,0.008449884403198389,0.007612355830360692
236,1228,150000,0.008186666666666667,0.00774308703238728,0.008655436064742693,0.007807687171864319
237,1250,150000,0.008333333333333333,0.007885719024214685,0.008806129894254864,0.00795096718241553
238,1282,150000,0.008546666666666666,0.008093248087800748,0.00902525657079909,0.008159428550514262
239,1298,150000,0.008653333333333334,0.008197040444598434,0.009134792084066552,0.008263682618862171
240,1332,150000,0.00888,0.00841765888636588,0.00936749536618754,0.008485272671054233
241,1347,150000,0.00898,0.008515015731974841,0.009470133398764654,0.008583054148624985
242,1387,150000,0.009246666666666667,0.008774706920315723,0.009743761885586635,0.008843866044138681
243,1413,150000,0.00942,0.008943561440828645,0.009921565153929572,0.009013440202071362
244,1448,150000,0.009653333333333333,0.009170931926234383,0.010160849384291343,0.009241768837679064
245,1476,150000,0.00984,0.009352881451824623,0.010352223631315105,0.00942447639571599
246,1510,150000,0.010066666666666666,0.009573881609533694,0.01058454519749447,0.009646387204780978
247,1531,150000,0.010206666666666666,0.009710414460135663,0.010728005176353004,0.009783477283424599
248,1560,150000,0.0104,0.009898999834199805,0.010926076566781937,0.009972825769781481
249,1600,150000,0.010666666666666666,0.010159191594243906,0.0111992044819007,0.010234058272097814
250,1638,150000,0.01092,0.010406450626931586,0.011458599140617741,0.010482293725162087
251,1675,150000,0.011166666666666667,0.010647272317724683,0.011711098149350296,0.01072405503524464
252,1718,150000,0.011453333333333333,0.01092722932202506,0.012004459795849996,0.011005090736292798
253,1767,150000,0.01178,0.011246355048360104,0.01233865067158946,0.011325428893278588
254,1807,150000,0.012046666666666667,0.011506945681964425,0.012611379713148003,0.011586996498740496
255,1848,150000,0.01232,0.011774122925650585,0.012890855136503777,0.011855163647792984
256,1885,150000,0.012566666666666667,0.012015294570532471,0.013143004191147542,0.012097218948645362
257,1928,150000,0.012853333333333333,0.012295644944227245,0.013435972468252845,0.01237858510543786
258,1963,150000,0.013086666666666667,0.012523890887807993,0.013674381240439605,0.012607649245047377
259,2011,150000,0.013406666666666667,0.012836989912569824,0.01400126582587321,0.012921858203980216
260,2061,150000,0.01374,0.013163225196693822,0.014341680135702795,0.013249235192615434
261,2109,150000,0.01406,0.013476494900621425,0.014668394041970624,0.013563587516318065
262,2151,150000,0.01434,0.013750671059973426,0.014954203541539634,0.013838700537195306
263,2196,150000,0.01464,0.014044496650399994,0.015260362585671285,0.014133519435851775
264,2230,150000,0.014866666666666667,0.014266541875124633,0.015491639084835081,0.014356308169541872
265,2267,150000,0.015113333333333333,0.014508220944267645,0.015743280715217717,0.014598789688286713
266,2308,150000,0.015386666666666667,0.014776076919482064,0.016022077407045237,0.01486752694872704
267,2352,150000,0.01568,0.015063588434433416,0.016321217534773037,0.015155975214827845
268,2411,150000,0.016073333333333332,0.015449204021318878,0.016722248468752796,0.015542832682655616
269,2448,150000,0.01632,0.015691081158188225,0.016973692031409107,0.01578548055274295
270,2505,150000,0.0167,0.016063776419211768,0.01736097730749264,0.016159351351598916
271,2560,150000,0.017066666666666667,0.016423476951635617,0.01773459132841773,0.016520172993045933
272,2625,150000,0.0175,0.01684867827567286,0.018176034476520143,0.016946683134209137
273,2678,150000,0.017853333333333332,0.017195459026350262,0.01853590229543353,0.017294518557471078
274,2726,150000,0.018173333333333333,0.017509583341411148,0.018861761590568082,0.01760958863859108
275,2781,150000,0.01854,0.017869584162658717,0.019235075322669454,0.0179706624616926
276,2825,150000,0.018833333333333334,0.01815763478863214,0.019533676339375177,0.01825956348255233
277,2888,150000,0.019253333333333334,0.01857014608158841,0.019961143534800423,0.018673280341095985
278,2943,150000,0.01962,0.018930345377165033,0.020334258792572734,0.019034520834609353
279,2984,150000,0.019893333333333332,0.019198899139414416,0.02061235769736528,0.019303844102127835
280,3042,150000,0.02028,0.019578863567964393,0.021005706797801463,0.019684887626140166
281,3105,150000,0.0207,0.019991659986019195,0.021432888868128167,0.020098843914166702
282,3162,150000,0.02108,0.020365209126580776,0.021819320264673675,0.020473431774941608
283,3212,150000,0.021413333333333333,0.02069293458784871,0.022158244397359313,0.02080206025496065
284,3287,150000,0.021913333333333333,0.021184609311756048,0.022666544064382347,0.021295075635398526
285,3352,150000,0.022346666666666667,0.02161080903664446,0.023106988811633596,0.021722424175968664
286,3429,150000,0.02286,0.022115786787303006,0.023628651435663554,0.022228747600554592
287,3495,150000,0.0233,0.02254870444074222,0.02407571124624307,0.02266280592918136
288,3556,150000,0.023706666666666668,0.022948888769760718,0.02448883942184794,0.023064034342060072
289,3630,150000,0.0242,0.023434437883573758,0.024989931707086195,0.02355083728551023
290,3701,150000,0.024673333333333332,0.023900382344482215,0.025470629669591818,0.024017971953215245
291,3767,150000,0.025113333333333335,0.02433358193687013,0.02591740754122264,0.02445226701058082
292,3849,150000,0.02566,0.024871888471083847,0.026472406341092783,0.02499192032635781
293,3921,150000,0.02614,0.02534462680165364,0.02695964342581615,0.025465828537133545
294,3992,150000,0.026613333333333333,0.02581086958964772,0.027440043061236152,0.02593321368681439
295,4069,150000,0.027126666666666667,0.02631658994321027,0.02796096308236212,0.026440160626573034
296,4145,150000,0.027633333333333333,0.026815818742297895,0.02847504166608393,0.02694058785262946
297,4208,150000,0.028053333333333333,0.02722970910880391,0.028901129787959428,0.027355462674311225
298,4283,150000,0.028553333333333333,0.02772250025811479,0.02940831302957892,0.0278494154436172
299,4389,150000,0.02926,0.028419094744222148,0.030125015682653154,0.028547633024245605
300,4472,150000,0.029813333333333334,0.02896463371714081,0.03068611503569743,0.029094428095576063
301,4551,150000,0.03034,0.029483954812967884,0.031220100298317014,0.029614933017755866
302,4636,150000,0.030906666666666666,0.03004279561767259,0.03179456380333339,0.030175035109252343
303,4721,150000,0.03147333333333333,0.03060171477901917,0.03236894895170789,0.030735202985159117
304,4820,150000,0.03213333333333333,0.03125278728485076,0.03303784264190439,0.03138771446113663
305,4916,150000,0.032773333333333335,0.03188422628932848,0.033686370857817546,0.032020533431383946
306,5007,150000,0.03338,0.03248286264034399,0.034301036767797555,0.03262046426818274
307,5097,150000,0.03398,0.03307499958191705,0.03490886909534094,0.03321386879113668
308,5175,150000,0.0345,0.03358824693552027,0.0354355951083053,0.033728204764953376
309,5263,150000,0.03508666666666667,0.034167362710714085,0.03602978261846979,0.03430853789785919
310,5351,150000,0.035673333333333335,0.03474654837233111,0.03662390024221106,0.034888929701286764
311,5444,150000,0.03629333333333333,0.03535871643441331,0.03725170042488252,0.035502360539590945
312,5553,150000,0.03702,0.03607629821777196,0.037987414756342666,0.03622140718643727
313,5680,150000,0.037866666666666667,0.03691250472223893,0.0388444982205178,0.03705930039928679
314,5775,150000,0.0385,0.037538099007796664,0.039485538163471855,0.03768614267512766
315,5881,150000,0.03920666666666667,0.03823621453941916,0.040200719771030964,0.03838563721598382
316,5987,150000,0.039913333333333335,0.03893441647191148,0.04091581497772023,0.039085204288846105
317,6093,150000,0.04062,0.03963270261382458,0.041630825974988725,0.039784842053649565
318,6224,150000,0.04149333333333333,0.04049579210872777,0.042514358416243896,0.04064958377474092
319,6338,150000,0.04225333333333333,0.04124697674161756,0.043283134857568274,0.04140219031118355
320,6450,150000,0.043,0.041985070113025734,0.04403833657661612,0.042141666606999015
321,6576,150000,0.04384,0.04281552603453466,0.04488783763187021,0.04297366212336224
322,6699,150000,0.04466,0.04362630953595031,0.045717012131580366,0.043785932453567676
323,6811,150000,0.045406666666666665,0.04436466796372789,0.046471948794258804,0.04452563125239856
324,6943,150000,0.04628666666666666,0.04523497630082539,0.047361595385198754,0.045397503226721966
325,7045,150000,0.046966666666666664,0.04590755977737696,0.04804897708031249,0.046071283329853906
326,7158,150000,0.04772,0.04665274882946773,0.048810416110556816,0.04681778648598941
327,7304,150000,0.04869333333333333,0.04761566895580852,0.049794112798560476,0.04778238690072826
328,7434,150000,0.04956,0.04847316486436833,0.05066990583427997,0.048641362694944866
329,7554,150000,0.05036,0.04926478209436858,0.05147824762976832,0.04943433271887574
330,7684,150000,0.05122666666666666,0.05012245472838511,0.05235386394003108,0.05029345686125499
331,7816,150000,0.05210666666666667,0.05099341304851101,0.05324286054794266,0.05116587445262229
332,7955,150000,0.053033333333333335,0.051910654980672766,0.05417890448697185,0.05208463755704105
333,8081,150000,0.053873333333333336,0.05274219516190035,0.05502732128250728,0.052917543239325314
334,8241,150000,0.05494,0.05379823076665513,0.05610456437840396,0.05397529489769774
335,8383,150000,0.05588666666666667,0.054735564368741045,0.057060515623146214,0.054914135116639215
336,8530,150000,0.05686666666666667,0.05570600118581142,0.05805002861229936,0.05588611578021456
337,8660,150000,0.05773333333333333,0.05656429219315074,0.05892502654923935,0.05674575899291304
338,8798,150000,0.058653333333333335,0.057475483013260324,0.05985378860844164,0.05765837207714276
339,8932,150000,0.059546666666666664,0.05836034149803187,0.060755551035465684,0.058544598914543805
340,9085,150000,0.060566666666666664,0.05937075804621168,0.06178508224478382,0.05955656289047801
341,9259,150000,0.061726666666666666,0.06051997694551537,0.0629558039324386,0.060707522701689595
342,9436,150000,0.06290666666666667,0.06168913525319831,0.06414658518735135,0.061878431814126465
343,9593,150000,0.06395333333333333,0.06272628837663709,0.06520271178892682,0.06291712135210724
344,9764,150000,0.06509333333333334,0.06385603407175112,0.06635290770513404,0.06404852318775574
345,9953,150000,0.06635333333333333,0.06510482766938425,0.06762404957264542,0.06529912680914024
346,10117,150000,0.06744666666666667,0.06618854260060196,0.06872694530959546,0.0663843953697114
347,10291,150000,0.06860666666666666,0.06733844247502796,0.0698969860221279,0.0675359267791975
348,10467,150000,0.06978,0.0685016667889807,0.07108036827889178,0.06870078416229046
349,10638,150000,0.07092,0.06963194584725943,0.07223003083193427,0.06983263368981452
350,10829,150000,0.07219333333333333,0.07089453611118894,0.07351404201690746,0.07109695965906883
351,11016,150000,0.07344,0.07213079934601277,0.07477104826347003,0.07233490383230906
352,11200,150000,0.07466666666666667,0.07334733760941596,0.07600778050581601,0.07355307869774155
353,11386,150000,0.07590666666666666,0.07457720563816829,0.077257848966571,0.0747845840058358
354,11570,150000,0.07713333333333333,0.07579395230957635,0.07849437280091211,0.07600293380052729
355,11749,150000,0.07832666666666667,0.07697773141288386,0.0796971992439584,0.07718825701004801
356,11952,150000,0.07968,0.07832034178881625,0.08106118621947755,0.07853260048481908
357,12154,150000,0.08102666666666666,0.07965645414464838,0.08241833822321788,0.07987041879517082
358,12348,150000,0.08232,0.08093975748514258,0.08372163530726358,0.0811553434464564
359,12545,150000,0.08363333333333334,0.08224301000370436,0.08504498218887892,0.08246022559468455
360,12743,150000,0.08495333333333334,0.08355298164580285,0.0863749429388366,0.08377181849037237
361,12934,150000,0.08622666666666666,0.08481673755544092,0.08765778847810118,0.0850371228499502
362,13138,150000,0.08758666666666666,0.08616661064515566,0.08902784573171704,0.08638863333339136
363,13366,150000,0.08910666666666667,0.08767541480268391,0.09055896372261714,0.08789924784342418
364,13578,150000,0.09052,0.08907845143327164,0.09198252137039259,0.0893039495545759
365,13803,150000,0.09202,0.09056764030064644,0.09349325567580889,0.09079488681349832
366,14028,150000,0.09352,0.09205694702881187,0.09500387212043457,0.09228592299714601
367,14269,150000,0.09512666666666666,0.09365228786320923,0.09662178232889346,0.0938830957293184
368,14458,150000,0.09638666666666666,0.09490349639661909,0.09789050926062813,0.0951357263368887
369,14673,150000,0.09782,0.09632692377951572,0.0993336751317319,0.09656075617174573
370,14903,150000,0.09935333333333334,0.09784976975269002,0.10087741729074406,0.0980852987697287
371,15134,150000,0.10089333333333333,0.0993793486377233,0.10242775952977634,0.09961656368617539
372,15355,150000,0.10236666666666666,0.10084281480199996,0.10391088457077448,0.10108162637370736
373,15574,150000,0.10382666666666666,0.10229313419088913,0.10538049040340199,0.10253351220999049
374,15818,150000,0.10545333333333333,0.10390912697467682,0.10701774763810777,0.10415123229231915
375,16074,150000,0.10716,0.10560471897435268,0.10873540155947427,0.10584861658963893
376,16354,150000,0.10902666666666666,0.10745941520182273,0.11061394305814423,0.1077052502493026
377,16593,150000,0.11062,0.10904264621945335,0.11221729709961172,0.10929011647563408
378,16876,150000,0.11250666666666667,0.11091748515738153,0.11411569486346082,0.11116687006464177
379,17132,150000,0.11421333333333333,0.11261357557273842,0.11583285036914627,0.11286467269107078
380,17384,150000,0.11589333333333333,0.11428327642998024,0.11752306346543048,0.11453604103263111
381,17660,150000,0.11773333333333333,0.11611212125657192,0.11937412439746256,0.11636669209137104
382,17922,150000,0.11948,0.11784831700529759,0.12113117252105367,0.11810458342411681
383,18231,150000,0.12154,0.11989611291797746,0.1232032710990069,0.12015435575808596
384,18530,150000,0.12353333333333333,0.12187778365236361,0.12520816493646317,0.12213791540517846
385,18808,150000,0.12538666666666667,0.12372040013942048,0.1270721201917882,0.12398226778868073
386,19095,150000,0.1273,0.1256227951823602,0.12899629381814198,0.12588643475842812
387,19382,150000,0.12921333333333335,0.12752531530075126,0.1309203423690445,0.12779070670464227
388,19655,150000,0.13103333333333333,0.1293351434724816,0.1327504209803007,0.12960218294384993
389,19949,150000,0.13299333333333332,0.131284311115375,0.13472115294985434,0.13155310583652727
390,20245,150000,0.13496666666666668,0.13324686379285558,0.13670516586857898,0.13351740555419098
391,20530,150000,0.13686666666666666,0.13513660049052892,0.138615331856441,0.1354088056112624
392,20841,150000,0.13894,0.13719886249185698,0.14069963032950422,0.1374728621037598
393,21148,150000,0.14098666666666668,0.1392347291342775,0.14275699219395868,0.1395104794408576
394,21449,150000,0.14299333333333333,0.14123092894022338,0.14477402294361336,0.1415083761060801
395,21743,150000,0.14495333333333332,0.14318082014931216,0.14674403134697162,0.14345990628723074
396,22038,150000,0.14692,0.1451374555900679,0.14872062851054202,0.1454181682841368
397,22389,150000,0.14926,0.14746566364660751,0.15107230060355653,0.1477482886031398
398,22699,150000,0.15132666666666666,0.1495220431859157,0.15314914854676057,0.1498063365596823
399,22996,150000,0.15330666666666667,0.15149229760324118,0.15513879271751935,0.1517781717266003
400,23326,150000,0.15550666666666665,0.15368159349031604,0.15734938415053804,0.15396920402410397
401,23683,150000,0.15788666666666668,0.1560501584048852,0.1597406973367975,0.15633962414537705
402,24000,150000,0.16,0.15815346187842907,0.16186395228891934,0.15844455503391744
403,24349,150000,0.16232666666666667,0.16046921875940182,0.1642014095737426,0.16076208230895644
404,24700,150000,0.16466666666666666,0.16279838421111725,0.16655212427158123,0.16309300616097328
405,25063,150000,0.16708666666666666,0.16520732205620495,0.16898306247859654,0.16550373957198591
406,25478,150000,0.16985333333333333,0.16796151660202935,0.17176205956258683,0.16825995882386063
407,25815,150000,0.1721,0.17019819003341113,0.17401860439445221,0.1704982547614021
408,26177,150000,0.17451333333333333,0.17260092101485458,0.17644241647323267,0.17290270736296626
409,26509,150000,0.17672666666666667,0.17480464916808947,0.17866524162384956,0.175107995411929
410,26869,150000,0.17912666666666666,0.17719436006011385,0.1810754078082909,0.1774993774831114
411,27252,150000,0.18168,0.17973688876937546,0.18363941498871375,0.18004366134454658
412,27639,150000,0.18426,0.18230611743838715,0.1862300541769028,0.182614640009702
413,28049,150000,0.18699333333333334,0.18502819688268654,0.18897450140302277,0.18533854812597003
414,28465,150000,0.18976666666666667,0.18779027459653877,0.1917589483108643,0.18810245508182125
415,28838,150000,0.19225333333333333,0.1902669863992536,0.1942554424790432,0.19058078497701417
416,29237,150000,0.19491333333333333,0.1929164790924186,0.19692581354562771,0.1932319858159957
417,29616,150000,0.19744,0.1954332985254342,0.1994621980347803,0.19575040633457874
418,30011,150000,0.20007333333333333,0.1980565051499413,0.20210552320250644,0.1983752597399168
419,30405,150000,0.2027,0.2006732072477545,0.20474201990504748,0.20099358251030675
420,30803,150000,0.20535333333333333,0.2033166112431141,0.20740514667755836,0.20363860170996853
421,31233,150000,0.20822,0.20617270202223476,0.2102822424064385,0.2064964131627918
422,31654,150000,0.21102666666666667,0.2089691646413631,0.2130989693683993,0.20929453625488836
423,32065,150000,0.21376666666666666,0.2116993444969614,0.2158486491750994,0.21202631439526798
424,32475,150000,0.2165,0.2144230189253606,0.21859150141711958,0.21475156114449148
425,32898,150000,0.21932,0.21723319553728637,0.22142118037004105,0.2175633371442445
426,33321,150000,0.22214,0.22004351415499693,0.22425071731717786,0.22037523232550513
427,33753,150000,0.22502,0.2229137713424669,0.2271403126214668,0.2232470763860803
428,34199,150000,0.22799333333333333,0.22587719727843783,0.23012340106356174,0.2262121163267017
429,34664,150000,0.23109333333333335,0.22896702906546879,0.23323341050029917,0.22930360495904872
430,35116,150000,0.23410666666666666,0.23197063405393745,0.23625631784117082,0.2323087954635499
431,35552,150000,0.23701333333333333,0.23486806013148592,0.23917207622289754,0.23520772788557348
432,36019,150000,0.24012666666666665,0.2379716499824996,0.2422949935794103,0.23831290641145952
433,36470,150000,0.24313333333333334,0.24096905635116675,0.24531076654820447,0.24131182301805448
434,36921,150000,0.24614,0.2439666076001692,0.24832639463666328,0.24431086121804652
435,37390,150000,0.24926666666666666,0.24708394678179812,0.25146222864631895,0.24742972230710078
436,37849,150000,0.25232666666666664,0.25013496612096753,0.25453105257964337,0.25048220732414
437,38302,150000,0.25534666666666667,0.25314624460505974,0.25755961941677064,0.2534949095428057
438,38786,150000,0.2585733333333333,0.25636374665157097,0.26079528543973,0.25671390804380256
439,39246,150000,0.26164,0.2594218486081535,0.26387035974752043,0.2597734088690758
440,39764,150000,0.26509333333333335,0.2628657049919078,0.2673329931571253,0.26321881355197146
441,40251,150000,0.26834,0.2661036219214795,0.2705882432726615,0.2664581603946595
442,40746,150000,0.27164,0.2693948855312145,0.2738968106430668,0.2697508521584792
443,41249,150000,0.2749933333333333,0.2727395016360293,0.2772586894534251,0.2730968937236088
444,41765,150000,0.2784333333333333,0.2761707251497152,0.2807072897493401,0.27652955285003605
445,42264,150000,0.28176,0.279489062619895,0.28404211522681705,0.27984925321630805
446,42772,150000,0.28514666666666666,0.28286740783029574,0.2874369298909847,0.28322896051295593
447,43268,150000,0.28845333333333334,0.2861661017515639,0.29075139994173604,0.286528959890332
448,43785,150000,0.2919,0.289604616439035,0.29420604205574497,0.28996880985679097
449,44259,150000,0.29506,0.2927572830517344,0.29737321359372554,0.29312267809469256
450,44764,150000,0.2984266666666667,0.29611628321307376,0.3007473743313173,0.2964829349215577
451,45229,150000,0.30152666666666667,0.29920935635658163,0.3038541424115777,0.2995771439106484
452,45745,150000,0.30496666666666666,0.30264181697332565,0.30730150560443464,0.30301084128977895
453,46278,150000,0.30852,0.30618752359467544,0.31086228365463003,0.30655779953042117
454,46798,150000,0.3119866666666667,0.3096469058070546,0.31433605721936814,0.31001837772060076
455,47326,150000,0.31550666666666666,0.31315966570607073,0.31786311703250175,0.3135323268536536
456,47816,150000,0.31877333333333335,0.3164197531026346,0.32113619565668305,0.31679349542972973
457,48371,150000,0.32247333333333333,0.32011246214169753,0.32484329711050475,0.32048740317947716
458,48902,150000,0.3260133333333333,0.32364564523707673,0.3283899327029126,0.3240217076281299
459,49423,150000,0.32948666666666665,0.3271124396568205,0.3318696270521651,0.3274895782343152
460,50025,150000,0.3335,0.33111840042743335,0.33589012739275337,0.33149675309726084
461,50627,150000,0.33751333333333333,0.33512455564581173,0.3399104332855761,0.3355040911518294
462,51173,150000,0.3411533333333333,0.3387582119768079,0.343556590520553,0.33913879348950365
463,51696,150000,0.34464,0.3422389497171229,0.3470490075329925,0.3426205094612639
464,52256,150000,0.3483733333333333,0.3459660934945294,0.35078833920786606,0.34634867514697804
465,52826,150000,0.35217333333333334,0.3497599608241878,0.3545942772492785,0.3501435557225514
466,53391,150000,0.35594,0.3535207140604324,0.3583666644247093,0.3539052867222587
467,53904,150000,0.35936,0.3569354865510863,0.36179171676801913,0.35732092421380157
468,54498,150000,0.36332,0.36088960094564926,0.3657573995496247,0.36127601329564746
469,55098,150000,0.36732,0.364883836920217,0.3697629587025,0.3652712047029773
470,55733,150000,0.37155333333333335,0.36911126676505196,0.3740019787008754,0.36949961408392373
471,56328,150000,0.37552,0.3730725841952078,0.37797379143876725,0.3734618200304715
472,56894,150000,0.3792933333333333,0.3768409917109979,0.38175185732653166,0.3772310466034041
473,57455,150000,0.38303333333333334,0.38057626501238084,0.3854963924693079,0.3809671067135281
474,58043,150000,0.3869533333333333,0.38449147614820967,0.38942098055837315,0.38488311595081137
475,58651,150000,0.39100666666666667,0.38854003466047227,0.3934788811085861,0.3889324712699136
476,59225,150000,0.3948333333333333,0.3923623576916914,0.397309695415954,0.3927555201593884
477,59850,150000,0.399,0.39652447514277234,0.40148069788929286,0.3969183989701109
478,60494,150000,0.40329333333333334,0.4008133166124779,0.4057783031897094,0.4012079934947852
479,61026,150000,0.40684,0.4043564216473529,0.40932834983450045,0.4047516966609548
480,61643,150000,0.41095333333333334,0.4084657923794921,0.41344543509174847,0.408861734070574
481,62226,150000,0.41484,0.4123488799612715,0.4173354817754678,0.41274542504379663
482,62870,150000,0.41913333333333336,0.41663844544499756,0.42163236306186386,0.4170356271984123
483,63476,150000,0.42317333333333335,0.42067507721746766,0.4256755243681112,0.42107282957416725
484,64085,150000,0.42723333333333335,0.4247318648065487,0.4297385288333848,0.4251301628635224
485,64697,150000,0.4313133333333333,0.42880881011960453,0.4338213745503207,0.4292076286671991
486,65297,150000,0.43531333333333333,0.43280598362905004,0.4378239961683181,0.43320528540732856
487,65939,150000,0.43959333333333334,0.4370831432052751,0.442106617378457,0.4374829324751138
488,66583,150000,0.44388666666666665,0.441373817687474,0.4464023896663802,0.44177406535732433
489,67196,150000,0.44797333333333333,0.44545813012926133,0.45049120124646386,0.44585878573868987
490,67854,150000,0.45236,0.44984246093072666,0.4548799791014275,0.45024352369378073
491,68500,150000,0.45666666666666667,0.45414702640598076,0.45918852638005375,0.45454845802130456
492,69136,150000,0.4609066666666667,0.45838514321052654,0.4634301924105975,0.458786908153937
493,69778,150000,0.4651866666666667,0.4626634284874067,0.46771168792008133,0.46306549996553387
494,70419,150000,0.46946,0.4669352360897115,0.47198632811226143,0.4673375836737608
495,71046,150000,0.47364,0.47111392350191006,0.47616742660824074,0.47151651225521374
496,71677,150000,0.47784666666666664,0.47531944848744206,0.48037501949840283,0.47572225112898164
497,72327,150000,0.48218,0.4796517935856249,0.4847091191216167,0.4800547863629254
498,72996,150000,0.48664,0.484110975304942,0.48916970896939843,0.48451413181173175
499,73613,150000,0.4907533333333333,0.48822373261405605,0.4932834076496715,0.488627011405144
500,74255,150000,0.4950333333333333,0.4925033151330076,0.49756360591708393,0.4929066919251449
501,74857,150000,0.4990466666666667,0.496516425455569,0.5015769567057238,0.49691986706262237
502,75507,150000,0.50338,0.5008497010299551,0.5059101258527343,0.501253183196847
503,76108,150000,0.5073866666666667,0.5048564834022746,0.5099164715997366,0.5052599758864962
504,76753,150000,0.5116866666666666,0.5091567883939097,0.5142159463701028,0.5095602628843241
505,77437,150000,0.5162466666666666,0.5137173164497718,0.5187751847595256,0.5141207389646982
506,78043,150000,0.5202866666666667,0.5177579603838168,0.5228143339041981,0.5181613085424974
507,78660,150000,0.5244,0.5218721194764718,0.5269266308009303,0.5222753645792231
508,79315,150000,0.5287666666666667,0.5262398508226835,0.5312920091355104,0.5266429562907375
509,79984,150000,0.5332266666666666,0.5307011384709307,0.5357504930543621,0.5311040691349723
510,80643,150000,0.53762,0.5350959383463205,0.5401421348272806,0.5354986649674074
511,81246,150000,0.54164,0.5391174528739597,0.5441604144027214,0.539519965043719
512,81868,150000,0.5457866666666666,0.5432658549627275,0.5483051332627361,0.5436681180858016
513,82553,150000,0.5503533333333334,0.5478346367634542,0.5528694508991735,0.5482365928311198
514,83141,150000,0.5542733333333333,0.5517566233052403,0.5567872635822814,0.5521582883218048
515,83799,150000,0.55866,0.5561457007311692,0.5611712948127818,0.5565470098702603
516,84442,150000,0.5629466666666667,0.5604349152966757,0.5654551940255184,0.5608358457907847
517,85081,150000,0.5672066666666666,0.5646976360598706,0.5697122550730502,0.5650981599278684
518,85770,150000,0.5718,0.5692941145662956,0.5743022079713055,0.5696941659884543
519,86459,150000,0.5763933333333333,0.5738908133935116,0.5788919405487699,0.5742903569523156
520,87107,150000,0.5807133333333333,0.5782141804874452,0.5832083521924745,0.5786132139527642
521,87775,150000,0.5851666666666666,0.582671190551832,0.5876577807033074,0.583069665110515
522,88393,150000,0.5892866666666666,0.5867947788759714,0.5917739813604345,0.5871927063337931
523,89058,150000,0.59372,0.5912321749075927,0.5962030249283959,0.5916294812683989
524,89732,150000,0.5982133333333334,0.5957298400953419,0.600691796267141,0.5961264825241046
525,90376,150000,0.6025066666666666,0.6000275149642519,0.604980568168353,0.600423490461008
526,91016,150000,0.6067733333333334,0.6042986933179211,0.6092425046172898,0.6046939743375039
527,91659,150000,0.61106,0.6085900918233561,0.6135242198900978,0.608984643119645
528,92291,150000,0.6152733333333333,0.6128082715638591,0.6177324910171679,0.6132020741900437
529,92886,150000,0.61924,0.6167796791054007,0.6216942136436739,0.617172748245735
530,93526,150000,0.6235066666666667,0.6210516393202907,0.6259553682313896,0.6214438882952965
531,94174,150000,0.6278266666666666,0.6253772053519883,0.6302695809373305,0.6257685907435253
532,94783,150000,0.6318866666666667,0.6294426269092164,0.6343239514344572,0.6298331700654115
533,95467,150000,0.6364466666666667,0.6340089378484572,0.6388774069405012,0.6343984994058768
534,96137,150000,0.6409133333333333,0.6384820154224454,0.643337433925491,0.6388705786369051
535,96788,150000,0.6452533333333333,0.642828463494165,0.6476707635670469,0.6432160214768659
536,97404,150000,0.64936,0.6469414318912331,0.651770918167487,0.6473280064828721
537,98077,150000,0.6538466666666667,0.6514352079361726,0.6562502456571627,0.6518206720461908
538,98691,150000,0.65794,0.6555352336602434,0.6603366769468417,0.6559196514821203
539,99293,150000,0.6619533333333333,0.6595553213393663,0.6643430503789198,0.6599386823359291
540,99944,150000,0.6662933333333333,0.6639028421547835,0.6686753072767784,0.6642850254700502
541,100553,150000,0.6703533333333334,0.6679700834763248,0.6727278580095918,0.6683511320190696
542,101143,150000,0.6742866666666667,0.6719106236477317,0.6766537830468371,0.6722905420468934
543,101759,150000,0.6783933333333333,0.6760250176933661,0.6807525119987107,0.6764037235203999
544,102336,150000,0.68224,0.679879112367781,0.6845915536385201,0.6802566518712323
545,102939,150000,0.68626,0.6839070732995779,0.6886033868098035,0.6842833620602291
546,103582,150000,0.6905466666666666,0.6882024544973572,0.6928811193902672,0.6885773732949958
547,104170,150000,0.6944666666666667,0.6921306295560006,0.696792743556518,0.6925042624667288
548,104738,150000,0.6982533333333333,0.6959253820662555,0.7005711304335754,0.6962977424692778
549,105349,150000,0.7023266666666667,0.7000076228421723,0.7046353476957716,0.7003785807303171
550,105951,150000,0.70634,0.7040299471653966,0.7086394844837485,0.704399488674756
551,106535,150000,0.7102333333333334,0.7079322087579962,0.7125236901485268,0.7083003431065068
552,107115,150000,0.7141,0.7118079458238435,0.7163810883725408,0.7121746499691515
553,107709,150000,0.71806,0.7157774477151535,0.7203313836573995,0.7161426529662189
554,108270,150000,0.7218,0.7195266216602801,0.724062018156432,0.7198903791480145
555,108860,150000,0.7257333333333333,0.7234698153910464,0.727985289634318,0.7238320161600512
556,109467,150000,0.72978,0.7275268566289356,0.7320213744670251,0.7278874188410112
557,110037,150000,0.73358,0.7313368141360614,0.7358112223309701,0.7316958030558243
558,110591,150000,0.7372733333333333,0.7350400280615367,0.7394944859065006,0.735397455283417
559,111192,150000,0.74128,0.7390576425747737,0.7434899995125857,0.7394133387935948
560,111750,150000,0.745,0.7427880235385549,0.7471994280173264,0.7431420778143841
561,112301,150000,0.7486733333333333,0.7464718150714411,0.7508621150098085,0.7468242146512755
562,112817,150000,0.7521133333333333,0.7499217985450746,0.7542919553457761,0.7502726180592871
563,113333,150000,0.7555533333333333,0.7533719679921549,0.7577216097082966,0.753721177544458
564,113893,150000,0.7592866666666667,0.7571165514510526,0.7614435017016791,0.7574639794339179
565,114420,150000,0.7628,0.7606406780072705,0.7649458618657319,0.760986396282163
566,114928,150000,0.7661866666666667,0.7640379407950056,0.7683217589525652,0.7643819801327361
567,115488,150000,0.76992,0.7677831767659545,0.7720429984338965,0.7681253296393067
568,116011,150000,0.7734066666666667,0.7712811731524498,0.7755181568001555,0.771621529880486
569,116515,150000,0.7767666666666667,0.7746522895940521,0.7788668682656054,0.7749908835480596
570,117007,150000,0.7800466666666667,0.7779433321339728,0.7821356577301879,0.7782801746165783
571,117519,150000,0.78346,0.7813683602907308,0.7855371214155146,0.7817033474063196
572,118040,150000,0.7869333333333334,0.7848538105814736,0.788998159893768,0.7851868749028714
573,118561,150000,0.7904066666666667,0.7883394831813656,0.7924589760628723,0.7886705889712285
574,119074,150000,0.7938266666666667,0.7917718541277518,0.79586642995045,0.792100995908459
575,119589,150000,0.79726,0.7952178314424466,0.7992869434534767,0.795544965418485
576,120095,150000,0.8006333333333333,0.7986038112814348,0.802647457505299,0.7989289366140037
577,120591,150000,0.80394,0.8019230936006497,0.8059413391581035,0.8022462147684373
578,121083,150000,0.80722,0.8052158258944464,0.8092084388688101,0.8055369239543873
579,121550,150000,0.8103333333333333,0.8083414495978288,0.8123093223729542,0.808660594388597
580,122025,150000,0.8135,0.8115208259811827,0.8154631171321592,0.8118379504757132
581,122520,150000,0.8168,0.814834299338582,0.8187494747549002,0.8151492817402203
582,122993,150000,0.8199533333333333,0.8180007295315348,0.8218895497207483,0.8183136293058064
583,123497,150000,0.8233133333333333,0.821374928919183,0.8252351782401524,0.8216855703209406
584,123965,150000,0.8264333333333334,0.8245083444552628,0.828341602903478,0.8248168517606232
585,124407,150000,0.82938,0.8274678894230348,0.8312752403462557,0.8277743477444113
586,124865,150000,0.8324333333333334,0.8305347849984922,0.8343148550514131,0.8308390851590516
587,125341,150000,0.8356066666666667,0.8337224535871056,0.8374736905972379,0.8340244721875232
588,125791,150000,0.8386066666666666,0.8367362358351634,0.840459754694762,0.8370360605233922
589,126248,150000,0.8416533333333334,0.8397971332104828,0.8434920346081785,0.8400946922314325
590,126708,150000,0.84472,0.8428783677715121,0.8465439763115221,0.8431736070656707
591,127146,150000,0.84764,0.8458124716315989,0.8494497228944686,0.8461054647366013
592,127546,150000,0.8503066666666667,0.8484922214531653,0.8521031698245308,0.8487831306243029
593,127968,150000,0.85312,0.8513195723608036,0.8549023414898609,0.8516082484446394
594,128383,150000,0.8558866666666667,0.8541002442203727,0.8576548612601065,0.854386688870945
595,128816,150000,0.8587733333333334,0.8570017619267237,0.8605265290373935,0.857285840036781
596,129200,150000,0.8613333333333333,0.8595751409945228,0.8630730188511576,0.8598570868333288
597,129587,150000,0.8639133333333333,0.8621688278268985,0.8656391998759828,0.8624485920647404
598,129945,150000,0.8663,0.8645683415992553,0.8680128971963335,0.8648460578312508
599,130321,150000,0.8688066666666666,0.867088698231591,0.8705057455105288,0.8673642318307859
600,130718,150000,0.8714533333333333,0.8697500437747483,0.8731375977433629,0.870023236780351
601,131086,150000,0.8739066666666667,0.8722171946895088,0.875576987840101,0.8724881841639153
602,131484,150000,0.87656,0.8748857065199408,0.8782150067775393,0.8751542751341747
603,131872,150000,0.8791466666666666,0.8774874111610748,0.880786502985485,0.8777535810244881
604,132222,150000,0.88148,0.8798345191807799,0.8831059421234551,0.8800984915448278
605,132609,150000,0.88406,0.8824299877343534,0.8856703414270822,0.8826914920838654
606,132935,150000,0.8862333333333333,0.8846165502690506,0.8878303342449625,0.8848759436551354
607,133289,150000,0.8885933333333333,0.8869911272709652,0.8901756363682392,0.8872481943772573
608,133604,150000,0.8906933333333333,0.8891042883554164,0.8922623677256954,0.8893592549208158
609,133961,150000,0.8930733333333334,0.8914994265310144,0.8946271076509261,0.8917519767520949
610,134267,150000,0.8951133333333333,0.8935525951310912,0.8966538345658452,0.8938030431719894
611,134610,150000,0.8974,0.8958542404647978,0.8989254054466602,0.8961022971316582
612,134951,150000,0.8996733333333333,0.8981426998344453,0.901183496307776,0.8983883413421663
613,135242,150000,0.9016133333333334,0.9000957983711665,0.9031102984078648,0.9003393482431642
614,135565,150000,0.9037666666666667,0.9022638818771015,0.90524877127887,0.9025050761478814
615,135891,150000,0.90594,0.9044523343198403,0.9074068741887082,0.904691113827309
616,136200,150000,0.908,0.9065268866672467,0.9094522163319352,0.9067633417038402
617,136505,150000,0.9100333333333334,0.9085748020104308,0.9114708635118679,0.9088089276168416
618,136793,150000,0.9119533333333333,0.9105087760995664,0.9133767910839047,0.9107406691845177
619,137050,150000,0.9136666666666666,0.9122347522569185,0.9150773938394741,0.912464625335157
620,137335,150000,0.9155666666666666,0.9141489687324806,0.9169630800494473,0.9143765701834775
621,137626,150000,0.9175066666666667,0.9161037038039888,0.9188882456147491,0.9163289505523662
622,137892,150000,0.91928,0.9178907061721636,0.9206478190864072,0.9181137683850858
623,138177,150000,0.92118,0.9198055701419844,0.922532857802122,0.9200262566465115
624,138471,150000,0.92314,0.9217811482104015,0.9244771793461519,0.9219993446485839
625,138736,150000,0.9249066666666667,0.92356207644783,0.9262294939566774,0.9237779930565625
626,138994,150000,0.9266266666666667,0.9252961684955255,0.9279353138137824,0.925509832191226
627,139255,150000,0.9283666666666667,0.9270506392541562,0.9296607539355894,0.9272619893047371
628,139498,150000,0.9299866666666666,0.9286843126542007,0.9312669975621591,0.928893476372655
629,139764,150000,0.93176,0.9304728429242262,0.9330250431319669,0.9306795765083761
630,140031,150000,0.93354,0.9322683465622075,0.9347894483256978,0.9324726007602302
631,140277,150000,0.93518,0.9339228601811095,0.9364148507090472,0.934124793132307
632,140501,150000,0.9366733333333334,0.9354296072820814,0.9378946937889874,0.935629394732845
633,140744,150000,0.9382933333333333,0.9370643798802999,0.9394998382173833,0.9372618043140528
634,140992,150000,0.9399466666666667,0.938733035575419,0.941137764508274,0.9389280088609367
635,141237,150000,0.94158,0.9403817591027258,0.9427556239913396,0.9405742701950237
636,141464,150000,0.9430933333333333,0.9419095851962732,0.9442543870543415,0.9420997774954941
637,141662,150000,0.9444133333333333,0.9432424164416521,0.9455614882010187,0.9434305556441996
638,141881,150000,0.9458733333333333,0.944716822287196,0.9470070075769916,0.9449026562896488
639,142092,150000,0.94728,0.9461375886585678,0.9483995024921038,0.9463211662915428
640,142272,150000,0.94848,0.9473497938084988,0.9495872358804057,0.9475314181322004
641,142470,150000,0.9498,0.948683414480482,0.9508935476004786,0.9488628588199933
642,142650,150000,0.951,0.9498959804331063,0.9520809201860873,0.9500734134707383
643,142850,150000,0.9523333333333334,0.9512434886203041,0.953400010374704,0.9514186526931274
644,143030,150000,0.9535333333333333,0.9524564445534918,0.954586992979749,0.9526295346426721
645,143190,150000,0.9546,0.9535347913631584,0.9556419248707337,0.953706011590647
646,143353,150000,0.9556866666666667,0.9546335212613835,0.9567164726487976,0.9548028101940339
647,143528,150000,0.9568533333333333,0.9558133302217141,0.9578699372673044,0.9559805149839768
648,143712,150000,0.95808,0.9570540366051105,0.9590825013896572,0.95721897337621
649,143890,150000,0.9592666666666667,0.9582545101437894,0.960255300405453,0.9584172360690842
650,144060,150000,0.9604,0.9594012450193147,0.96137517414937,0.959561824874233
651,144197,150000,0.9613133333333334,0.9603255374160663,0.9622775016400512,0.9604843622362578
652,144346,150000,0.9623066666666666,0.9613309569324106,0.9632586979136885,0.9614878461192451
653,144499,150000,0.9633266666666667,0.9623635556756516,0.9642660469279454,0.962518427034412
654,144639,150000,0.96426,0.9633085907390759,0.9651876307275911,0.9634615878394547
655,144792,150000,0.96528,0.9643415762776669,0.966194592946498,0.9644924933846364
656,144938,150000,0.9662533333333333,0.9653275009367692,0.9671552851017402,0.9654764010866158
657,145093,150000,0.9672866666666666,0.9663744247224006,0.9681749750573647,0.9665211477507935
658,145251,150000,0.96834,0.9674418586307102,0.9692141538659486,0.9675863226903317
659,145391,150000,0.9692733333333333,0.9683879042479887,0.9701347271117401,0.9685303316377665
660,145501,150000,0.9700066666666667,0.969131375741581,0.9708578847248458,0.9692721787942429
661,145624,150000,0.9708266666666666,0.9699628746196626,0.97166634384789,0.9701018352413229
662,145754,150000,0.9716933333333333,0.9708418887060558,0.9725206187057759,0.9709788708440849
663,145891,150000,0.9726066666666666,0.9717684599313577,0.9734206673679068,0.9719033207949522
664,145983,150000,0.97322,0.9723908184065972,0.974024944145542,0.9725242329953082
665,146103,150000,0.97402,0.973202760868583,0.9748129607090449,0.9733342616059484
666,146228,150000,0.9748533333333333,0.9740487482754417,0.9756335972870701,0.9741782210262699
667,146340,150000,0.9756,0.9748069470795833,0.9763686935733846,0.974934571564861
668,146439,150000,0.97626,0.9754773002672168,0.9770183065817792,0.9756032653702947
669,146552,150000,0.9770133333333333,0.9762426421007646,0.9777595928305662,0.9763666824326557
670,146660,150000,0.9777333333333333,0.976974318467129,0.9784678795871417,0.977096487182266
671,146766,150000,0.97844,0.9776926437220382,0.979162851471414,0.9778129435909343
672,146860,150000,0.9790666666666666,0.9783298213055996,0.9797789751244853,0.9784484362303709
673,146956,150000,0.9797066666666666,0.9789807306551502,0.9804080329953256,0.9790975966987943
674,147048,150000,0.98032,0.9796046920977456,0.9810107068056048,0.9797198542814567
675,147133,150000,0.9808866666666667,0.980181335840406,0.9815673673726656,0.9802948984781557
676,147206,150000,0.9813733333333333,0.9806766970820365,0.9820453145382072,0.9807888657423143
677,147287,150000,0.9819133333333333,0.9812264865447716,0.9825754974176769,0.9813370856378087
678,147361,150000,0.9824066666666667,0.9817288993788282,0.9830597259826717,0.9818380426882026
679,147450,150000,0.983,0.9823333326004979,0.9836419290382392,0.9824406961227099
680,147544,150000,0.9836266666666666,0.9829719467950514,0.9842566160803187,0.983077394544712
681,147617,150000,0.9841133333333333,0.9834680588124772,0.984733812470065,0.9835719919584232
682,147719,150000,0.9847933333333333,0.9841615146351865,0.985400321819021,0.9842632900018787
683,147793,150000,0.9852866666666666,0.9846648086029814,0.9858836692502773,0.9847649866211731
684,147865,150000,0.9857666666666667,0.9851546692189274,0.9863537840496247,0.9852532658800077
685,147931,150000,0.9862066666666667,0.9856038619226981,0.9867845688098726,0.9857009842979535
686,147993,150000,0.98662,0.9860259712637668,0.9871891049653064,0.9861216861434957
687,148069,150000,0.9871266666666667,0.9865435906252501,0.9876847929866325,0.9866375488619685
688,148136,150000,0.9875733333333333,0.987000100500489,0.9881215935672912,0.9870924799917336
689,148199,150000,0.9879933333333333,0.9874295251731089,0.9885321473830528,0.987520393006892
690,148265,150000,0.9884333333333334,0.9878795839827395,0.9889620660374412,0.9879688384046569
691,148332,150000,0.98888,0.9883366667824957,0.9893982936935827,0.9884242504331902
692,148385,150000,0.9892333333333333,0.9886983940944962,0.9897432149511729,0.9887846312993878
693,148444,150000,0.9896266666666667,0.9891012409063233,0.990127014660211,0.9891859520565043
694,148490,150000,0.9899333333333333,0.9894154548025055,0.9904261183904662,0.9894989552783459
695,148540,150000,0.9902666666666666,0.989757127390095,0.9907510953968303,0.9898392901154153
696,148587,150000,0.99058,0.9900784348460704,0.9910564385591712,0.990159318370052
697,148650,150000,0.991,0.9905093408091593,0.9914655110844638,0.9905884747725354
698,148697,150000,0.9913133333333334,0.9908309817949982,0.9917705207169415,0.9909087829981874
699,148752,150000,0.99168,0.9912075680351773,0.9921272490301112,0.9912837778561054
700,148789,150000,0.9919266666666666,0.9914610345641739,0.9923671032006403,0.9915361534763381
701,148833,150000,0.99222,0.991762594322446,0.9926521950850473,0.9918363934435048
702,148892,150000,0.9926133333333333,0.9921672119032563,0.9930342240251022,0.9922392006282912
703,148951,150000,0.9930066666666667,0.9925721411100156,0.9934159413392082,0.992642269411747
704,148997,150000,0.9933133333333334,0.9928880817006065,0.9937133183750546,0.992956722088844
705,149039,150000,0.9935933333333333,0.9931767406173809,0.9939846451172011,0.9932439917504248
706,149082,150000,0.99388,0.9934724746156776,0.9942622297697046,0.9935382709546684
707,149113,150000,0.9940866666666667,0.993685813128141,0.9944622140054924,0.9937505390068505
708,149148,150000,0.99432,0.9939268234380614,0.9946878584113394,0.993990317583965
709,149181,150000,0.99454,0.9941542100199161,0.9949004605614942,0.994216519022108
710,149211,150000,0.99474,0.9943610574707828,0.9950936028669994,0.9944222678290916
711,149240,150000,0.9949333333333333,0.9945611368462426,0.9952801802560329,0.9946212648315748
712,149276,150000,0.9951733333333334,0.9948096956532164,0.9955116091567056,0.9948684504183357
713,149299,150000,0.9953266666666667,0.9949686105315431,0.9956593530915977,0.9950264697674174
714,149329,150000,0.9955266666666667,0.9951760321904203,0.9958519211890925,0.9952327006667224
715,149354,150000,0.9956933333333333,0.9953490129594348,0.9960122652170548,0.9954046683841868
716,149374,150000,0.9958266666666666,0.9954874871718359,0.996140450842235,0.9955423177864537
717,149403,150000,0.99602,0.995688424694402,0.9963261700841621,0.9957420352945637
718,149432,150000,0.9962133333333333,0.9958895513624337,0.9965117001806234,0.9959419116208797
719,149455,150000,0.9963666666666666,0.9960492097104283,0.9966587006458474,0.9961005552176897
720,149479,150000,0.9965266666666667,0.9962159551539456,0.9968119470074279,0.9962662184787006
