timestamp,main_alive,completed_shards,completed_trials,latest_shard,worker_count,working_set_gib,stderr_bytes
2026-08-08T00:52:27.285+08:00,True,0,0,,17,1.513809,0
2026-08-08T00:53:27.308+08:00,True,0,0,,17,1.514557,0
2026-08-08T00:54:27.349+08:00,True,0,0,,17,1.358677,0
2026-08-08T00:55:27.374+08:00,True,0,0,,17,1.359665,0
2026-08-08T00:56:27.410+08:00,True,0,0,,17,1.360008,0
2026-08-08T00:57:27.436+08:00,True,0,0,,17,1.359001,0
2026-08-08T00:58:27.459+08:00,True,0,0,,17,1.359634,0
2026-08-08T00:59:27.486+08:00,True,0,0,,17,1.359222,0
2026-08-08T01:00:27.510+08:00,True,0,0,,17,1.361248,0
2026-08-08T01:01:27.534+08:00,True,0,0,,17,1.361744,0
2026-08-08T01:02:27.557+08:00,True,0,0,,17,1.358635,0
2026-08-08T01:03:27.583+08:00,True,0,0,,17,1.359856,0
2026-08-08T01:04:27.605+08:00,True,0,0,,17,1.356113,0
2026-08-08T01:05:27.629+08:00,True,0,0,,17,1.359188,0
2026-08-08T01:06:27.655+08:00,True,0,0,,17,1.359547,0
2026-08-08T01:07:27.680+08:00,True,0,0,,17,1.358494,0
2026-08-08T01:08:27.710+08:00,True,0,0,,17,1.330040,0
2026-08-08T01:09:27.735+08:00,True,0,0,,17,1.330151,0
2026-08-08T01:10:27.761+08:00,True,0,0,,17,1.333664,0
2026-08-08T01:11:27.791+08:00,True,0,0,,17,1.335289,0
2026-08-08T01:12:27.812+08:00,True,0,0,,17,1.331493,0
2026-08-08T01:13:27.847+08:00,True,13,1300,shard_001500_001599.json,17,1.334969,0
2026-08-08T01:14:27.879+08:00,True,16,1600,shard_001500_001599.json,17,1.339680,0
2026-08-08T01:15:27.904+08:00,True,16,1600,shard_001500_001599.json,17,1.337807,0
2026-08-08T01:16:27.936+08:00,True,16,1600,shard_001500_001599.json,17,1.339478,0
2026-08-08T01:17:27.978+08:00,True,16,1600,shard_001500_001599.json,17,1.339142,0
2026-08-08T01:18:28.004+08:00,True,16,1600,shard_001500_001599.json,17,1.333633,0
2026-08-08T01:19:28.031+08:00,True,16,1600,shard_001500_001599.json,17,1.333488,0
2026-08-08T01:20:28.056+08:00,True,16,1600,shard_001500_001599.json,17,1.333279,0
2026-08-08T01:21:28.080+08:00,True,16,1600,shard_001500_001599.json,17,1.330765,0
2026-08-08T01:22:28.108+08:00,True,16,1600,shard_001500_001599.json,17,1.333054,0
2026-08-08T01:23:28.138+08:00,True,16,1600,shard_001500_001599.json,17,1.322304,0
2026-08-08T01:24:28.162+08:00,True,16,1600,shard_001500_001599.json,17,1.321308,0
2026-08-08T01:25:28.190+08:00,True,16,1600,shard_001500_001599.json,17,1.322693,0
2026-08-08T01:26:28.219+08:00,True,16,1600,shard_001500_001599.json,17,1.320969,0
2026-08-08T01:27:28.243+08:00,True,16,1600,shard_001500_001599.json,17,1.324600,0
2026-08-08T01:28:28.289+08:00,True,16,1600,shard_001500_001599.json,17,1.305717,0
2026-08-08T01:29:28.315+08:00,True,16,1600,shard_001500_001599.json,17,1.309723,0
2026-08-08T01:30:28.341+08:00,True,16,1600,shard_001500_001599.json,17,1.311543,0
2026-08-08T01:31:28.367+08:00,True,16,1600,shard_001500_001599.json,17,1.309799,0
2026-08-08T01:32:28.399+08:00,True,16,1600,shard_001500_001599.json,17,1.312180,0
2026-08-08T01:33:28.422+08:00,True,16,1600,shard_001500_001599.json,17,1.303299,0
2026-08-08T01:34:28.445+08:00,True,16,1600,shard_001500_001599.json,17,1.302586,0
2026-08-08T01:35:28.463+08:00,True,16,1600,shard_001500_001599.json,17,1.304081,0
2026-08-08T01:36:28.489+08:00,True,16,1600,shard_001500_001599.json,17,1.303894,0
2026-08-08T01:37:28.516+08:00,True,16,1600,shard_001500_001599.json,17,1.307121,0
2026-08-08T01:38:28.541+08:00,True,16,1600,shard_001500_001599.json,17,1.307858,0
2026-08-08T01:39:28.563+08:00,True,16,1600,shard_001500_001599.json,17,1.309036,0
2026-08-08T01:40:28.587+08:00,True,16,1600,shard_001500_001599.json,17,1.308094,0
2026-08-08T01:41:28.632+08:00,True,22,2200,shard_002200_002299.json,17,1.307022,0
2026-08-08T01:42:28.653+08:00,True,32,3200,shard_003100_003199.json,17,1.308910,0
2026-08-08T01:43:28.680+08:00,True,32,3200,shard_003100_003199.json,17,0.961903,0
2026-08-08T01:44:28.704+08:00,True,32,3200,shard_003100_003199.json,17,1.041145,0
2026-08-08T01:45:28.734+08:00,True,32,3200,shard_003100_003199.json,17,1.039890,0
2026-08-08T01:46:28.773+08:00,True,32,3200,shard_003100_003199.json,17,1.044304,0
2026-08-08T01:47:28.805+08:00,True,32,3200,shard_003100_003199.json,17,1.042549,0
2026-08-08T01:48:28.840+08:00,True,32,3200,shard_003100_003199.json,17,1.047062,0
2026-08-08T01:49:28.883+08:00,True,32,3200,shard_003100_003199.json,17,0.599903,0
2026-08-08T01:50:28.915+08:00,True,32,3200,shard_003100_003199.json,17,1.044125,0
2026-08-08T01:51:28.945+08:00,True,32,3200,shard_003100_003199.json,17,1.042515,0
2026-08-08T01:52:28.974+08:00,True,32,3200,shard_003100_003199.json,17,1.041252,0
2026-08-08T01:53:29.004+08:00,True,32,3200,shard_003100_003199.json,17,1.044899,0
2026-08-08T01:54:29.035+08:00,True,32,3200,shard_003100_003199.json,17,0.993938,0
2026-08-08T01:55:29.059+08:00,True,32,3200,shard_003100_003199.json,17,1.040188,0
2026-08-08T01:56:29.090+08:00,True,32,3200,shard_003100_003199.json,17,1.042717,0
2026-08-08T01:57:29.115+08:00,True,32,3200,shard_003100_003199.json,17,1.044945,0
2026-08-08T01:58:29.145+08:00,True,32,3200,shard_003100_003199.json,17,1.042747,0
2026-08-08T01:59:29.183+08:00,True,32,3200,shard_003100_003199.json,17,1.044796,0
2026-08-08T02:00:29.213+08:00,True,32,3200,shard_003100_003199.json,17,1.042965,0
2026-08-08T02:01:29.248+08:00,True,32,3200,shard_003100_003199.json,17,1.044544,0
2026-08-08T02:02:29.275+08:00,True,32,3200,shard_003100_003199.json,17,1.044804,0
2026-08-08T02:03:29.309+08:00,True,32,3200,shard_003100_003199.json,17,1.045715,0
2026-08-08T02:04:29.338+08:00,True,32,3200,shard_003100_003199.json,17,1.044601,0
2026-08-08T02:05:29.369+08:00,True,32,3200,shard_003100_003199.json,17,1.046810,0
2026-08-08T02:06:29.430+08:00,True,32,3200,shard_003100_003199.json,17,1.041786,0
2026-08-08T02:07:29.487+08:00,True,32,3200,shard_003100_003199.json,17,1.044010,0
2026-08-08T02:08:29.541+08:00,True,32,3200,shard_003100_003199.json,17,1.046978,0
2026-08-08T02:09:29.576+08:00,True,32,3200,shard_003100_003199.json,17,1.049374,0
2026-08-08T02:10:29.608+08:00,True,32,3200,shard_003100_003199.json,17,1.046936,0
2026-08-08T02:11:29.639+08:00,True,32,3200,shard_003100_003199.json,17,1.048504,0
2026-08-08T02:12:29.672+08:00,True,39,3900,shard_004000_004099.json,17,1.050571,0
2026-08-08T02:13:29.702+08:00,True,47,4700,shard_004700_004799.json,17,1.053379,0
2026-08-08T02:14:29.744+08:00,True,48,4800,shard_004700_004799.json,17,1.057140,0
2026-08-08T02:15:29.770+08:00,True,48,4800,shard_004700_004799.json,17,1.053623,0
2026-08-08T02:16:29.797+08:00,True,48,4800,shard_004700_004799.json,17,1.056225,0
2026-08-08T02:17:29.822+08:00,True,48,4800,shard_004700_004799.json,17,1.053677,0
2026-08-08T02:18:29.847+08:00,True,48,4800,shard_004700_004799.json,17,1.056736,0
2026-08-08T02:19:29.869+08:00,True,48,4800,shard_004700_004799.json,17,1.059818,0
2026-08-08T02:20:29.907+08:00,True,48,4800,shard_004700_004799.json,17,1.056820,0
2026-08-08T02:21:29.933+08:00,True,48,4800,shard_004700_004799.json,17,1.057507,0
2026-08-08T02:22:29.961+08:00,True,48,4800,shard_004700_004799.json,17,1.058880,0
2026-08-08T02:23:29.987+08:00,True,48,4800,shard_004700_004799.json,17,1.061916,0
2026-08-08T02:24:30.013+08:00,True,48,4800,shard_004700_004799.json,17,1.062492,0
2026-08-08T02:25:30.038+08:00,True,48,4800,shard_004700_004799.json,17,1.061008,0
2026-08-08T02:26:30.066+08:00,True,48,4800,shard_004700_004799.json,17,1.058105,0
2026-08-08T02:27:30.092+08:00,True,48,4800,shard_004700_004799.json,17,1.060131,0
2026-08-08T02:28:30.122+08:00,True,48,4800,shard_004700_004799.json,17,1.057896,0
2026-08-08T02:29:30.152+08:00,True,48,4800,shard_004700_004799.json,17,1.060249,0
2026-08-08T02:30:30.183+08:00,True,48,4800,shard_004700_004799.json,17,1.061775,0
2026-08-08T02:31:30.210+08:00,True,48,4800,shard_004700_004799.json,17,1.060028,0
2026-08-08T02:32:30.241+08:00,True,48,4800,shard_004700_004799.json,17,1.058758,0
2026-08-08T02:33:30.277+08:00,True,48,4800,shard_004700_004799.json,17,1.055542,0
2026-08-08T02:34:30.309+08:00,True,48,4800,shard_004700_004799.json,17,1.058640,0
2026-08-08T02:35:30.345+08:00,True,48,4800,shard_004700_004799.json,17,1.055771,0
2026-08-08T02:36:30.375+08:00,True,48,4800,shard_004700_004799.json,17,1.059483,0
2026-08-08T02:37:30.402+08:00,True,48,4800,shard_004700_004799.json,17,1.056881,0
2026-08-08T02:38:30.431+08:00,True,48,4800,shard_004700_004799.json,17,1.057869,0
2026-08-08T02:39:30.459+08:00,True,50,5000,shard_005100_005199.json,17,1.060722,0
2026-08-08T02:40:30.519+08:00,True,53,5300,shard_005500_005599.json,17,1.062794,0
2026-08-08T02:41:30.582+08:00,True,63,6300,shard_006200_006299.json,17,1.061031,0
2026-08-08T02:42:30.628+08:00,True,64,6400,shard_006300_006399.json,17,1.061337,0
2026-08-08T02:43:30.655+08:00,True,64,6400,shard_006300_006399.json,17,1.060081,0
2026-08-08T02:44:30.684+08:00,True,64,6400,shard_006300_006399.json,17,1.060463,0
2026-08-08T02:45:30.808+08:00,True,64,6400,shard_006300_006399.json,17,1.060474,0
2026-08-08T02:46:30.845+08:00,True,64,6400,shard_006300_006399.json,17,1.061340,0
2026-08-08T02:47:30.878+08:00,True,64,6400,shard_006300_006399.json,17,1.059650,0
2026-08-08T02:48:30.919+08:00,True,64,6400,shard_006300_006399.json,17,1.063202,0
2026-08-08T02:49:30.954+08:00,True,64,6400,shard_006300_006399.json,17,1.065239,0
2026-08-08T02:50:30.983+08:00,True,64,6400,shard_006300_006399.json,17,1.066357,0
2026-08-08T02:51:31.011+08:00,True,64,6400,shard_006300_006399.json,17,1.065151,0
2026-08-08T02:52:31.042+08:00,True,64,6400,shard_006300_006399.json,17,1.057899,0
2026-08-08T02:53:31.073+08:00,True,64,6400,shard_006300_006399.json,17,1.062672,0
2026-08-08T02:54:31.104+08:00,True,64,6400,shard_006300_006399.json,17,1.061028,0
2026-08-08T02:55:31.148+08:00,True,64,6400,shard_006300_006399.json,17,1.063606,0
2026-08-08T02:56:31.177+08:00,True,64,6400,shard_006300_006399.json,17,1.061523,0
2026-08-08T02:57:31.206+08:00,True,64,6400,shard_006300_006399.json,17,1.065487,0
2026-08-08T02:58:31.236+08:00,True,64,6400,shard_006300_006399.json,17,1.062981,0
2026-08-08T02:59:31.262+08:00,True,64,6400,shard_006300_006399.json,17,1.064205,0
2026-08-08T03:00:31.289+08:00,True,64,6400,shard_006300_006399.json,17,1.064583,0
2026-08-08T03:01:31.322+08:00,True,64,6400,shard_006300_006399.json,17,1.062706,0
2026-08-08T03:02:31.356+08:00,True,64,6400,shard_006300_006399.json,17,1.061867,0
2026-08-08T03:03:31.382+08:00,True,64,6400,shard_006300_006399.json,17,1.061214,0
2026-08-08T03:04:31.419+08:00,True,64,6400,shard_006300_006399.json,17,1.062153,0
2026-08-08T03:05:31.447+08:00,True,64,6400,shard_006300_006399.json,17,1.062065,0
2026-08-08T03:06:31.478+08:00,True,64,6400,shard_006300_006399.json,17,1.061409,0
2026-08-08T03:07:31.507+08:00,True,64,6400,shard_006300_006399.json,17,1.064163,0
2026-08-08T03:08:31.535+08:00,True,64,6400,shard_006300_006399.json,17,1.065014,0
2026-08-08T03:09:31.564+08:00,True,64,6400,shard_006300_006399.json,17,1.065941,0
2026-08-08T03:10:31.594+08:00,True,64,6400,shard_006300_006399.json,17,1.060265,0
2026-08-08T03:11:31.628+08:00,True,69,6900,shard_007200_007299.json,17,1.067387,0
2026-08-08T03:12:31.656+08:00,True,79,7900,shard_007900_007999.json,17,1.065399,0
2026-08-08T03:13:31.684+08:00,True,80,8000,shard_007900_007999.json,17,1.063850,0
2026-08-08T03:14:31.715+08:00,True,80,8000,shard_007900_007999.json,17,1.065338,0
2026-08-08T03:15:31.748+08:00,True,80,8000,shard_007900_007999.json,17,1.066513,0
2026-08-08T03:16:31.778+08:00,True,80,8000,shard_007900_007999.json,17,1.067310,0
2026-08-08T03:17:31.810+08:00,True,80,8000,shard_007900_007999.json,17,1.067783,0
2026-08-08T03:18:31.840+08:00,True,80,8000,shard_007900_007999.json,17,1.069778,0
2026-08-08T03:19:31.880+08:00,True,80,8000,shard_007900_007999.json,17,1.062935,0
2026-08-08T03:20:31.914+08:00,True,80,8000,shard_007900_007999.json,17,1.063740,0
2026-08-08T03:21:31.943+08:00,True,80,8000,shard_007900_007999.json,17,1.065750,0
2026-08-08T03:22:31.972+08:00,True,80,8000,shard_007900_007999.json,17,1.064381,0
2026-08-08T03:23:32.006+08:00,True,80,8000,shard_007900_007999.json,17,1.065342,0
2026-08-08T03:24:32.040+08:00,True,80,8000,shard_007900_007999.json,17,1.065624,0
2026-08-08T03:25:32.068+08:00,True,80,8000,shard_007900_007999.json,17,1.064823,0
2026-08-08T03:26:32.104+08:00,True,80,8000,shard_007900_007999.json,17,1.066647,0
2026-08-08T03:27:32.133+08:00,True,80,8000,shard_007900_007999.json,17,1.068199,0
2026-08-08T03:28:32.165+08:00,True,80,8000,shard_007900_007999.json,17,1.063881,0
2026-08-08T03:29:32.196+08:00,True,80,8000,shard_007900_007999.json,17,1.066174,0
2026-08-08T03:30:32.226+08:00,True,80,8000,shard_007900_007999.json,17,1.063240,0
2026-08-08T03:31:32.262+08:00,True,80,8000,shard_007900_007999.json,17,1.065365,0
2026-08-08T03:32:32.291+08:00,True,80,8000,shard_007900_007999.json,17,1.063877,0
2026-08-08T03:33:32.316+08:00,True,80,8000,shard_007900_007999.json,17,1.064442,0
2026-08-08T03:34:32.354+08:00,True,80,8000,shard_007900_007999.json,17,1.066673,0
2026-08-08T03:35:32.384+08:00,True,80,8000,shard_007900_007999.json,17,1.066910,0
2026-08-08T03:36:32.413+08:00,True,80,8000,shard_007900_007999.json,17,1.062115,0
2026-08-08T03:37:32.455+08:00,True,80,8000,shard_007900_007999.json,17,1.066639,0
2026-08-08T03:38:32.491+08:00,True,80,8000,shard_007900_007999.json,17,1.067482,0
2026-08-08T03:39:32.519+08:00,True,80,8000,shard_007900_007999.json,17,1.065796,0
2026-08-08T03:40:32.547+08:00,True,80,8000,shard_007900_007999.json,17,1.068684,0
2026-08-08T03:41:32.578+08:00,True,84,8400,shard_009000_009099.json,17,1.066010,0
2026-08-08T03:42:32.611+08:00,True,95,9500,shard_009400_009499.json,17,1.066128,0
2026-08-08T03:43:32.645+08:00,True,96,9600,shard_009500_009599.json,17,1.064896,0
2026-08-08T03:44:32.682+08:00,True,96,9600,shard_009500_009599.json,17,1.071026,0
2026-08-08T03:45:32.715+08:00,True,96,9600,shard_009500_009599.json,17,1.069077,0
2026-08-08T03:46:32.763+08:00,True,96,9600,shard_009500_009599.json,17,1.066837,0
2026-08-08T03:47:32.795+08:00,True,96,9600,shard_009500_009599.json,17,1.067551,0
2026-08-08T03:48:32.828+08:00,True,96,9600,shard_009500_009599.json,17,1.066700,0
2026-08-08T03:49:32.859+08:00,True,96,9600,shard_009500_009599.json,17,1.071041,0
2026-08-08T03:50:32.896+08:00,True,96,9600,shard_009500_009599.json,17,1.067627,0
2026-08-08T03:51:32.925+08:00,True,96,9600,shard_009500_009599.json,17,1.069763,0
2026-08-08T03:52:32.957+08:00,True,96,9600,shard_009500_009599.json,17,1.071342,0
2026-08-08T03:53:32.991+08:00,True,96,9600,shard_009500_009599.json,17,1.063999,0
2026-08-08T03:54:33.021+08:00,True,96,9600,shard_009500_009599.json,17,1.064289,0
2026-08-08T03:55:33.049+08:00,True,96,9600,shard_009500_009599.json,17,1.070431,0
2026-08-08T03:56:33.077+08:00,True,96,9600,shard_009500_009599.json,17,1.069454,0
2026-08-08T03:57:33.114+08:00,True,96,9600,shard_009500_009599.json,17,1.068192,0
2026-08-08T03:58:33.171+08:00,True,96,9600,shard_009500_009599.json,17,1.068478,0
2026-08-08T03:59:33.211+08:00,True,96,9600,shard_009500_009599.json,17,1.068172,0
2026-08-08T04:00:33.246+08:00,True,96,9600,shard_009500_009599.json,17,1.068413,0
2026-08-08T04:01:33.279+08:00,True,96,9600,shard_009500_009599.json,17,1.069782,0
2026-08-08T04:02:33.313+08:00,True,96,9600,shard_009500_009599.json,17,1.070972,0
2026-08-08T04:03:33.347+08:00,True,96,9600,shard_009500_009599.json,17,1.071442,0
2026-08-08T04:04:33.382+08:00,True,96,9600,shard_009500_009599.json,17,1.073265,0
2026-08-08T04:05:33.423+08:00,True,96,9600,shard_009500_009599.json,17,1.069351,0
2026-08-08T04:06:33.485+08:00,True,96,9600,shard_009500_009599.json,17,1.072483,0
2026-08-08T04:07:33.516+08:00,True,96,9600,shard_009500_009599.json,17,1.069511,0
2026-08-08T04:08:33.634+08:00,True,96,9600,shard_009500_009599.json,17,1.056961,0
2026-08-08T04:09:33.668+08:00,True,96,9600,shard_009500_009599.json,17,1.057140,0
2026-08-08T04:10:33.731+08:00,True,98,9800,shard_009700_009799.json,17,1.055717,0
2026-08-08T04:11:33.763+08:00,True,103,10300,shard_010300_010399.json,17,1.058662,0
2026-08-08T04:12:33.805+08:00,True,110,11000,shard_011000_011099.json,17,1.067528,0
2026-08-08T04:13:33.853+08:00,True,112,11200,shard_011100_011199.json,17,1.065704,0
2026-08-08T04:14:33.888+08:00,True,112,11200,shard_011100_011199.json,17,1.070160,0
2026-08-08T04:15:33.925+08:00,True,112,11200,shard_011100_011199.json,17,1.064503,0
2026-08-08T04:16:33.958+08:00,True,112,11200,shard_011100_011199.json,17,1.064575,0
2026-08-08T04:17:33.985+08:00,True,112,11200,shard_011100_011199.json,17,1.065948,0
2026-08-08T04:18:34.020+08:00,True,112,11200,shard_011100_011199.json,17,1.063965,0
2026-08-08T04:19:34.054+08:00,True,112,11200,shard_011100_011199.json,17,1.065639,0
2026-08-08T04:20:34.085+08:00,True,112,11200,shard_011100_011199.json,17,1.065720,0
2026-08-08T04:21:34.116+08:00,True,112,11200,shard_011100_011199.json,17,1.065117,0
2026-08-08T04:22:34.153+08:00,True,112,11200,shard_011100_011199.json,17,1.067829,0
2026-08-08T04:23:34.188+08:00,True,112,11200,shard_011100_011199.json,17,1.065468,0
2026-08-08T04:24:34.221+08:00,True,112,11200,shard_011100_011199.json,17,1.063938,0
2026-08-08T04:25:34.252+08:00,True,112,11200,shard_011100_011199.json,17,1.063049,0
2026-08-08T04:26:34.290+08:00,True,112,11200,shard_011100_011199.json,17,1.067978,0
2026-08-08T04:27:34.325+08:00,True,112,11200,shard_011100_011199.json,17,1.067478,0
2026-08-08T04:28:34.362+08:00,True,112,11200,shard_011100_011199.json,17,1.065327,0
2026-08-08T04:29:34.399+08:00,True,112,11200,shard_011100_011199.json,17,1.065514,0
2026-08-08T04:30:34.432+08:00,True,112,11200,shard_011100_011199.json,17,1.067703,0
2026-08-08T04:31:34.473+08:00,True,112,11200,shard_011100_011199.json,17,1.065868,0
2026-08-08T04:32:34.505+08:00,True,112,11200,shard_011100_011199.json,17,1.064575,0
2026-08-08T04:33:34.541+08:00,True,112,11200,shard_011100_011199.json,17,1.064701,0
2026-08-08T04:34:34.584+08:00,True,112,11200,shard_011100_011199.json,17,1.062813,0
2026-08-08T04:35:34.614+08:00,True,112,11200,shard_011100_011199.json,17,1.068378,0
2026-08-08T04:36:34.648+08:00,True,112,11200,shard_011100_011199.json,17,1.064720,0
2026-08-08T04:37:34.681+08:00,True,112,11200,shard_011100_011199.json,17,1.065411,0
2026-08-08T04:38:34.712+08:00,True,112,11200,shard_011100_011199.json,17,1.069824,0
2026-08-08T04:39:34.743+08:00,True,112,11200,shard_011100_011199.json,17,1.063564,0
2026-08-08T04:40:34.775+08:00,True,116,11600,shard_011500_011599.json,17,1.066616,0
2026-08-08T04:41:34.807+08:00,True,126,12600,shard_012500_012599.json,17,1.066017,0
2026-08-08T04:42:34.843+08:00,True,128,12800,shard_012700_012799.json,17,1.066864,0
2026-08-08T04:43:34.877+08:00,True,128,12800,shard_012700_012799.json,17,1.073170,0
2026-08-08T04:44:34.908+08:00,True,128,12800,shard_012700_012799.json,17,1.067966,0
2026-08-08T04:45:34.939+08:00,True,128,12800,shard_012700_012799.json,17,1.066124,0
2026-08-08T04:46:34.972+08:00,True,128,12800,shard_012700_012799.json,17,1.065979,0
2026-08-08T04:47:35.009+08:00,True,128,12800,shard_012700_012799.json,17,1.073605,0
2026-08-08T04:48:35.084+08:00,True,128,12800,shard_012700_012799.json,17,1.066128,0
2026-08-08T04:49:35.134+08:00,True,128,12800,shard_012700_012799.json,17,1.068363,0
2026-08-08T04:50:35.228+08:00,True,128,12800,shard_012700_012799.json,17,1.066597,0
2026-08-08T04:51:35.274+08:00,True,128,12800,shard_012700_012799.json,17,1.064217,0
2026-08-08T04:52:35.345+08:00,True,128,12800,shard_012700_012799.json,17,1.068588,0
2026-08-08T04:53:35.377+08:00,True,128,12800,shard_012700_012799.json,17,1.064106,0
2026-08-08T04:54:35.432+08:00,True,128,12800,shard_012700_012799.json,17,1.067741,0
2026-08-08T04:55:35.473+08:00,True,128,12800,shard_012700_012799.json,17,1.067287,0
2026-08-08T04:56:35.511+08:00,True,128,12800,shard_012700_012799.json,17,1.065109,0
2026-08-08T04:57:35.544+08:00,True,128,12800,shard_012700_012799.json,17,1.061871,0
2026-08-08T04:58:35.583+08:00,True,128,12800,shard_012700_012799.json,17,1.063465,0
2026-08-08T04:59:35.619+08:00,True,128,12800,shard_012700_012799.json,17,1.067535,0
2026-08-08T05:00:35.660+08:00,True,128,12800,shard_012700_012799.json,17,1.061237,0
2026-08-08T05:01:35.703+08:00,True,128,12800,shard_012700_012799.json,17,1.063614,0
2026-08-08T05:02:35.735+08:00,True,128,12800,shard_012700_012799.json,17,1.058609,0
2026-08-08T05:03:35.769+08:00,True,128,12800,shard_012700_012799.json,17,1.054108,0
2026-08-08T05:04:35.813+08:00,True,128,12800,shard_012700_012799.json,17,1.054119,0
2026-08-08T05:05:35.850+08:00,True,128,12800,shard_012700_012799.json,17,1.056168,0
2026-08-08T05:06:35.879+08:00,True,128,12800,shard_012700_012799.json,17,1.054001,0
2026-08-08T05:07:35.914+08:00,True,128,12800,shard_012700_012799.json,17,1.054272,0
2026-08-08T05:08:35.950+08:00,True,128,12800,shard_012700_012799.json,17,1.055767,0
2026-08-08T05:09:35.984+08:00,True,128,12800,shard_012700_012799.json,17,1.056389,0
2026-08-08T05:10:36.018+08:00,True,129,12900,shard_012900_012999.json,17,1.058838,0
2026-08-08T05:11:36.076+08:00,True,130,13000,shard_013000_013099.json,17,1.056732,0
2026-08-08T05:12:36.109+08:00,True,139,13900,shard_013900_013999.json,17,1.061958,0
2026-08-08T05:13:36.145+08:00,True,143,14300,shard_014200_014299.json,17,1.067493,0
2026-08-08T05:14:36.185+08:00,True,144,14400,shard_014300_014399.json,17,1.065292,0
2026-08-08T05:15:36.225+08:00,True,144,14400,shard_014300_014399.json,17,1.065182,0
2026-08-08T05:16:36.263+08:00,True,144,14400,shard_014300_014399.json,17,1.061333,0
2026-08-08T05:17:36.310+08:00,True,144,14400,shard_014300_014399.json,17,1.066875,0
2026-08-08T05:18:36.345+08:00,True,144,14400,shard_014300_014399.json,17,1.061172,0
2026-08-08T05:19:36.380+08:00,True,144,14400,shard_014300_014399.json,17,1.064831,0
2026-08-08T05:20:36.421+08:00,True,144,14400,shard_014300_014399.json,17,1.062721,0
2026-08-08T05:21:36.454+08:00,True,144,14400,shard_014300_014399.json,17,1.061935,0
2026-08-08T05:22:36.493+08:00,True,144,14400,shard_014300_014399.json,17,1.065334,0
2026-08-08T05:23:36.530+08:00,True,144,14400,shard_014300_014399.json,17,1.062332,0
2026-08-08T05:24:36.566+08:00,True,144,14400,shard_014300_014399.json,17,1.064369,0
2026-08-08T05:25:36.602+08:00,True,144,14400,shard_014300_014399.json,17,1.059521,0
2026-08-08T05:26:36.649+08:00,True,144,14400,shard_014300_014399.json,17,1.062752,0
2026-08-08T05:27:36.683+08:00,True,144,14400,shard_014300_014399.json,17,1.065636,0
2026-08-08T05:28:36.720+08:00,True,144,14400,shard_014300_014399.json,17,1.062916,0
2026-08-08T05:29:36.754+08:00,True,144,14400,shard_014300_014399.json,17,1.063622,0
2026-08-08T05:30:36.786+08:00,True,144,14400,shard_014300_014399.json,17,1.063389,0
2026-08-08T05:31:36.821+08:00,True,144,14400,shard_014300_014399.json,17,1.062019,0
2026-08-08T05:32:36.855+08:00,True,144,14400,shard_014300_014399.json,17,1.065910,0
2026-08-08T05:33:36.888+08:00,True,144,14400,shard_014300_014399.json,17,1.059372,0
2026-08-08T05:34:36.930+08:00,True,144,14400,shard_014300_014399.json,17,1.064762,0
2026-08-08T05:35:36.965+08:00,True,144,14400,shard_014300_014399.json,17,1.068661,0
2026-08-08T05:36:37.004+08:00,True,144,14400,shard_014300_014399.json,17,1.063755,0
2026-08-08T05:37:37.044+08:00,True,144,14400,shard_014300_014399.json,17,1.066319,0
2026-08-08T05:38:37.082+08:00,True,144,14400,shard_014300_014399.json,17,1.062534,0
2026-08-08T05:39:37.123+08:00,True,145,14500,shard_014400_014499.json,17,1.071350,0
2026-08-08T05:40:37.159+08:00,True,146,14600,shard_014600_014699.json,17,1.066162,0
2026-08-08T05:41:37.195+08:00,True,156,15600,shard_015500_015599.json,17,1.063400,0
2026-08-08T05:42:37.224+08:00,True,160,16000,shard_015900_015999.json,17,1.065189,0
2026-08-08T05:43:37.248+08:00,True,160,16000,shard_015900_015999.json,17,1.067913,0
2026-08-08T05:44:37.274+08:00,True,160,16000,shard_015900_015999.json,17,1.067207,0
2026-08-08T05:45:37.302+08:00,True,160,16000,shard_015900_015999.json,17,1.064156,0
2026-08-08T05:46:37.333+08:00,True,160,16000,shard_015900_015999.json,17,1.063484,0
2026-08-08T05:47:37.359+08:00,True,160,16000,shard_015900_015999.json,17,1.067207,0
2026-08-08T05:48:37.395+08:00,True,160,16000,shard_015900_015999.json,17,1.066437,0
2026-08-08T05:49:37.427+08:00,True,160,16000,shard_015900_015999.json,17,1.070217,0
2026-08-08T05:50:37.457+08:00,True,160,16000,shard_015900_015999.json,17,1.067863,0
2026-08-08T05:51:37.491+08:00,True,160,16000,shard_015900_015999.json,17,1.067474,0
2026-08-08T05:52:37.522+08:00,True,160,16000,shard_015900_015999.json,17,1.069206,0
2026-08-08T05:53:37.552+08:00,True,160,16000,shard_015900_015999.json,17,1.067097,0
2026-08-08T05:54:37.588+08:00,True,160,16000,shard_015900_015999.json,17,1.067520,0
2026-08-08T05:55:37.618+08:00,True,160,16000,shard_015900_015999.json,17,1.067448,0
2026-08-08T05:56:37.649+08:00,True,160,16000,shard_015900_015999.json,17,1.072350,0
2026-08-08T05:57:37.684+08:00,True,160,16000,shard_015900_015999.json,17,1.069149,0
2026-08-08T05:58:37.716+08:00,True,160,16000,shard_015900_015999.json,17,1.069466,0
2026-08-08T05:59:37.741+08:00,True,160,16000,shard_015900_015999.json,17,1.074619,0
2026-08-08T06:00:37.774+08:00,True,160,16000,shard_015900_015999.json,17,1.069092,0
2026-08-08T06:01:37.805+08:00,True,160,16000,shard_015900_015999.json,17,1.068024,0
2026-08-08T06:02:37.836+08:00,True,160,16000,shard_015900_015999.json,17,1.060898,0
2026-08-08T06:03:37.865+08:00,True,160,16000,shard_015900_015999.json,17,1.069294,0
2026-08-08T06:04:37.898+08:00,True,160,16000,shard_015900_015999.json,17,1.069717,0
2026-08-08T06:05:37.928+08:00,True,160,16000,shard_015900_015999.json,17,1.072247,0
2026-08-08T06:06:37.991+08:00,True,160,16000,shard_015900_015999.json,17,1.065315,0
2026-08-08T06:07:38.023+08:00,True,161,16100,shard_016000_016099.json,17,1.069645,0
2026-08-08T06:08:38.047+08:00,True,166,16600,shard_016800_016899.json,17,1.070492,0
2026-08-08T06:09:38.077+08:00,True,173,17300,shard_017200_017299.json,17,1.063770,0
2026-08-08T06:10:38.106+08:00,True,176,17600,shard_017500_017599.json,17,1.068836,0
2026-08-08T06:11:38.136+08:00,True,176,17600,shard_017500_017599.json,17,1.068340,0
2026-08-08T06:12:38.167+08:00,True,176,17600,shard_017500_017599.json,17,1.067696,0
2026-08-08T06:13:38.206+08:00,True,176,17600,shard_017500_017599.json,17,1.070877,0
2026-08-08T06:14:38.236+08:00,True,176,17600,shard_017500_017599.json,17,1.068863,0
2026-08-08T06:15:38.284+08:00,True,176,17600,shard_017500_017599.json,17,1.062294,0
2026-08-08T06:16:38.344+08:00,True,176,17600,shard_017500_017599.json,17,1.068748,0
2026-08-08T06:17:38.378+08:00,True,176,17600,shard_017500_017599.json,17,1.069199,0
2026-08-08T06:18:38.406+08:00,True,176,17600,shard_017500_017599.json,17,1.069458,0
2026-08-08T06:19:38.443+08:00,True,176,17600,shard_017500_017599.json,17,1.066536,0
2026-08-08T06:20:38.471+08:00,True,176,17600,shard_017500_017599.json,17,1.064968,0
2026-08-08T06:21:38.500+08:00,True,176,17600,shard_017500_017599.json,17,1.068764,0
2026-08-08T06:22:38.529+08:00,True,176,17600,shard_017500_017599.json,17,1.064209,0
2026-08-08T06:23:38.559+08:00,True,176,17600,shard_017500_017599.json,17,1.071106,0
2026-08-08T06:24:38.589+08:00,True,176,17600,shard_017500_017599.json,17,1.066319,0
2026-08-08T06:25:38.619+08:00,True,176,17600,shard_017500_017599.json,17,1.069458,0
2026-08-08T06:26:38.650+08:00,True,176,17600,shard_017500_017599.json,17,1.068638,0
2026-08-08T06:27:38.677+08:00,True,176,17600,shard_017500_017599.json,17,1.068417,0
2026-08-08T06:28:38.709+08:00,True,176,17600,shard_017500_017599.json,17,1.068691,0
2026-08-08T06:29:38.738+08:00,True,176,17600,shard_017500_017599.json,17,1.069927,0
2026-08-08T06:30:38.769+08:00,True,176,17600,shard_017500_017599.json,17,1.069183,0
2026-08-08T06:31:38.795+08:00,True,176,17600,shard_017500_017599.json,17,1.071453,0
2026-08-08T06:32:38.822+08:00,True,176,17600,shard_017500_017599.json,17,1.069416,0
2026-08-08T06:33:38.851+08:00,True,177,17700,shard_017600_017699.json,17,1.070541,0
2026-08-08T06:34:38.880+08:00,True,185,18500,shard_018500_018599.json,17,1.067875,0
2026-08-08T06:35:38.907+08:00,True,192,19200,shard_019100_019199.json,17,1.067574,0
2026-08-08T06:36:38.930+08:00,True,192,19200,shard_019100_019199.json,17,1.067505,0
2026-08-08T06:37:38.958+08:00,True,192,19200,shard_019100_019199.json,17,1.066261,0
2026-08-08T06:38:38.991+08:00,True,192,19200,shard_019100_019199.json,17,1.069973,0
2026-08-08T06:39:39.020+08:00,True,192,19200,shard_019100_019199.json,17,1.069714,0
2026-08-08T06:40:39.047+08:00,True,192,19200,shard_019100_019199.json,17,1.069138,0
2026-08-08T06:41:39.075+08:00,True,192,19200,shard_019100_019199.json,17,1.068497,0
2026-08-08T06:42:39.098+08:00,True,192,19200,shard_019100_019199.json,17,1.066730,0
2026-08-08T06:43:39.125+08:00,True,192,19200,shard_019100_019199.json,17,1.067795,0
2026-08-08T06:44:39.153+08:00,True,192,19200,shard_019100_019199.json,17,1.068157,0
2026-08-08T06:45:39.178+08:00,True,192,19200,shard_019100_019199.json,17,1.068645,0
2026-08-08T06:46:39.204+08:00,True,192,19200,shard_019100_019199.json,17,1.067688,0
2026-08-08T06:47:39.227+08:00,True,192,19200,shard_019100_019199.json,17,1.068390,0
2026-08-08T06:48:39.253+08:00,True,192,19200,shard_019100_019199.json,17,1.068382,0
2026-08-08T06:49:39.283+08:00,True,192,19200,shard_019100_019199.json,17,1.068325,0
2026-08-08T06:50:39.307+08:00,True,192,19200,shard_019100_019199.json,17,1.068069,0
2026-08-08T06:51:39.333+08:00,True,192,19200,shard_019100_019199.json,17,1.068279,0
2026-08-08T06:52:39.359+08:00,True,192,19200,shard_019100_019199.json,17,1.066628,0
2026-08-08T06:53:39.384+08:00,True,192,19200,shard_019100_019199.json,17,1.070648,0
2026-08-08T06:54:39.408+08:00,True,192,19200,shard_019100_019199.json,17,1.073452,0
2026-08-08T06:55:39.435+08:00,True,192,19200,shard_019100_019199.json,17,1.070526,0
2026-08-08T06:56:39.458+08:00,True,193,19300,shard_019200_019299.json,17,1.067734,0
2026-08-08T06:57:39.484+08:00,True,195,19500,shard_019500_019599.json,17,1.068745,0
2026-08-08T06:58:39.514+08:00,True,204,20400,shard_020300_020399.json,17,1.072517,0
2026-08-08T06:59:39.543+08:00,True,208,20800,shard_020700_020799.json,17,1.073654,0
2026-08-08T07:00:39.572+08:00,True,208,20800,shard_020700_020799.json,17,1.071846,0
2026-08-08T07:01:39.598+08:00,True,208,20800,shard_020700_020799.json,17,1.072983,0
2026-08-08T07:02:39.624+08:00,True,208,20800,shard_020700_020799.json,17,1.076328,0
2026-08-08T07:03:39.649+08:00,True,208,20800,shard_020700_020799.json,17,1.074017,0
2026-08-08T07:04:39.673+08:00,True,208,20800,shard_020700_020799.json,17,1.073563,0
2026-08-08T07:05:39.699+08:00,True,208,20800,shard_020700_020799.json,17,1.074520,0
2026-08-08T07:06:39.726+08:00,True,208,20800,shard_020700_020799.json,17,1.073795,0
2026-08-08T07:07:39.756+08:00,True,208,20800,shard_020700_020799.json,17,1.070938,0
2026-08-08T07:08:39.780+08:00,True,208,20800,shard_020700_020799.json,17,1.073853,0
2026-08-08T07:09:39.806+08:00,True,208,20800,shard_020700_020799.json,17,1.071270,0
2026-08-08T07:10:39.830+08:00,True,208,20800,shard_020700_020799.json,17,1.070423,0
2026-08-08T07:11:39.856+08:00,True,208,20800,shard_020700_020799.json,17,1.069477,0
2026-08-08T07:12:39.886+08:00,True,208,20800,shard_020700_020799.json,17,1.073475,0
2026-08-08T07:13:39.915+08:00,True,208,20800,shard_020700_020799.json,17,1.073566,0
2026-08-08T07:14:39.942+08:00,True,208,20800,shard_020700_020799.json,17,1.070259,0
2026-08-08T07:15:39.970+08:00,True,208,20800,shard_020700_020799.json,17,1.073463,0
2026-08-08T07:16:40.002+08:00,True,208,20800,shard_020700_020799.json,17,1.074669,0
2026-08-08T07:17:40.028+08:00,True,208,20800,shard_020700_020799.json,17,1.075291,0
2026-08-08T07:18:40.055+08:00,True,208,20800,shard_020700_020799.json,17,1.069889,0
2026-08-08T07:19:40.085+08:00,True,208,20800,shard_020700_020799.json,17,1.071404,0
2026-08-08T07:20:40.111+08:00,True,209,20900,shard_020800_020899.json,17,1.070995,0
2026-08-08T07:21:40.135+08:00,True,215,21500,shard_021400_021499.json,17,1.073925,0
2026-08-08T07:22:40.165+08:00,True,222,22200,shard_022100_022199.json,17,1.072655,0
2026-08-08T07:23:40.193+08:00,True,224,22400,shard_022300_022399.json,17,1.077427,0
2026-08-08T07:24:40.218+08:00,True,224,22400,shard_022300_022399.json,17,1.073971,0
2026-08-08T07:25:40.247+08:00,True,224,22400,shard_022300_022399.json,17,1.072968,0
2026-08-08T07:26:40.271+08:00,True,224,22400,shard_022300_022399.json,17,1.075249,0
2026-08-08T07:27:40.297+08:00,True,224,22400,shard_022300_022399.json,17,1.074139,0
2026-08-08T07:28:40.325+08:00,True,224,22400,shard_022300_022399.json,17,1.072262,0
2026-08-08T07:29:40.351+08:00,True,224,22400,shard_022300_022399.json,17,1.072422,0
2026-08-08T07:30:40.378+08:00,True,224,22400,shard_022300_022399.json,17,1.074776,0
2026-08-08T07:31:40.405+08:00,True,224,22400,shard_022300_022399.json,17,1.074211,0
2026-08-08T07:32:40.430+08:00,True,224,22400,shard_022300_022399.json,17,1.069851,0
2026-08-08T07:33:40.457+08:00,True,224,22400,shard_022300_022399.json,17,1.072899,0
2026-08-08T07:34:40.484+08:00,True,224,22400,shard_022300_022399.json,17,1.072575,0
2026-08-08T07:35:40.510+08:00,True,224,22400,shard_022300_022399.json,17,1.071754,0
2026-08-08T07:36:40.534+08:00,True,224,22400,shard_022300_022399.json,17,1.072517,0
2026-08-08T07:37:40.558+08:00,True,224,22400,shard_022300_022399.json,17,1.075542,0
2026-08-08T07:38:40.586+08:00,True,224,22400,shard_022300_022399.json,17,1.071560,0
2026-08-08T07:39:40.611+08:00,True,224,22400,shard_022300_022399.json,17,1.072998,0
2026-08-08T07:40:40.642+08:00,True,224,22400,shard_022300_022399.json,17,1.071022,0
2026-08-08T07:41:40.673+08:00,True,224,22400,shard_022300_022399.json,17,1.072987,0
2026-08-08T07:42:40.698+08:00,True,224,22400,shard_022300_022399.json,17,1.074116,0
2026-08-08T07:43:40.729+08:00,True,224,22400,shard_022300_022399.json,17,1.075264,0
2026-08-08T07:44:40.756+08:00,True,226,22600,shard_022600_022699.json,17,1.071449,0
2026-08-08T07:45:40.784+08:00,True,233,23300,shard_023400_023499.json,17,1.072063,0
2026-08-08T07:46:40.812+08:00,True,240,24000,shard_023900_023999.json,17,1.076294,0
2026-08-08T07:47:40.837+08:00,True,240,24000,shard_023900_023999.json,17,1.076031,0
2026-08-08T07:48:40.864+08:00,True,240,24000,shard_023900_023999.json,17,1.074291,0
2026-08-08T07:49:40.894+08:00,True,240,24000,shard_023900_023999.json,17,1.071392,0
2026-08-08T07:50:40.923+08:00,True,240,24000,shard_023900_023999.json,17,1.069759,0
2026-08-08T07:51:40.953+08:00,True,240,24000,shard_023900_023999.json,17,1.070827,0
2026-08-08T07:52:40.980+08:00,True,240,24000,shard_023900_023999.json,17,1.065609,0
2026-08-08T07:53:41.011+08:00,True,240,24000,shard_023900_023999.json,17,1.073185,0
2026-08-08T07:54:41.037+08:00,True,240,24000,shard_023900_023999.json,17,1.073559,0
2026-08-08T07:55:41.068+08:00,True,240,24000,shard_023900_023999.json,17,1.076546,0
2026-08-08T07:56:41.096+08:00,True,240,24000,shard_023900_023999.json,17,1.075623,0
2026-08-08T07:57:41.128+08:00,True,240,24000,shard_023900_023999.json,17,1.075695,0
2026-08-08T07:58:41.157+08:00,True,240,24000,shard_023900_023999.json,17,1.071831,0
2026-08-08T07:59:41.185+08:00,True,240,24000,shard_023900_023999.json,17,1.076729,0
2026-08-08T08:00:41.211+08:00,True,240,24000,shard_023900_023999.json,17,1.074673,0
2026-08-08T08:01:41.237+08:00,True,240,24000,shard_023900_023999.json,17,1.074875,0
2026-08-08T08:02:41.262+08:00,True,240,24000,shard_023900_023999.json,17,1.070858,0
2026-08-08T08:03:41.292+08:00,True,240,24000,shard_023900_023999.json,17,1.074390,0
2026-08-08T08:04:41.324+08:00,True,240,24000,shard_023900_023999.json,17,1.074612,0
2026-08-08T08:05:41.351+08:00,True,240,24000,shard_023900_023999.json,17,1.075100,0
2026-08-08T08:06:41.376+08:00,True,240,24000,shard_023900_023999.json,17,1.073837,0
2026-08-08T08:07:41.398+08:00,True,240,24000,shard_023900_023999.json,17,1.075874,0
2026-08-08T08:08:41.424+08:00,True,243,24300,shard_024200_024299.json,17,1.077717,0
2026-08-08T08:09:41.448+08:00,True,250,25000,shard_024900_024999.json,17,1.075657,0
2026-08-08T08:10:41.479+08:00,True,256,25600,shard_025500_025599.json,17,1.074799,0
2026-08-08T08:11:41.509+08:00,True,256,25600,shard_025500_025599.json,17,1.077820,0
2026-08-08T08:12:41.536+08:00,True,256,25600,shard_025500_025599.json,17,1.074364,0
2026-08-08T08:13:41.566+08:00,True,256,25600,shard_025500_025599.json,17,1.076077,0
2026-08-08T08:14:41.595+08:00,True,256,25600,shard_025500_025599.json,17,1.076271,0
2026-08-08T08:15:41.620+08:00,True,256,25600,shard_025500_025599.json,17,1.077061,0
2026-08-08T08:16:41.645+08:00,True,256,25600,shard_025500_025599.json,17,1.075748,0
2026-08-08T08:17:41.672+08:00,True,256,25600,shard_025500_025599.json,17,1.075729,0
2026-08-08T08:18:41.694+08:00,True,256,25600,shard_025500_025599.json,17,1.072617,0
2026-08-08T08:19:41.726+08:00,True,256,25600,shard_025500_025599.json,17,1.074562,0
2026-08-08T08:20:41.757+08:00,True,256,25600,shard_025500_025599.json,17,1.072449,0
2026-08-08T08:21:41.784+08:00,True,256,25600,shard_025500_025599.json,17,1.076096,0
2026-08-08T08:22:41.814+08:00,True,256,25600,shard_025500_025599.json,17,1.073051,0
2026-08-08T08:23:41.842+08:00,True,256,25600,shard_025500_025599.json,17,1.073460,0
2026-08-08T08:24:41.866+08:00,True,256,25600,shard_025500_025599.json,17,1.075108,0
2026-08-08T08:25:41.893+08:00,True,256,25600,shard_025500_025599.json,17,1.072163,0
2026-08-08T08:26:41.922+08:00,True,256,25600,shard_025500_025599.json,17,1.077427,0
2026-08-08T08:27:41.962+08:00,True,256,25600,shard_025500_025599.json,17,1.074852,0
2026-08-08T08:28:41.994+08:00,True,256,25600,shard_025500_025599.json,17,1.075779,0
2026-08-08T08:29:42.028+08:00,True,256,25600,shard_025500_025599.json,17,1.073795,0
2026-08-08T08:30:42.060+08:00,True,256,25600,shard_025500_025599.json,17,1.078178,0
2026-08-08T08:31:42.092+08:00,True,256,25600,shard_025500_025599.json,17,1.072647,0
2026-08-08T08:32:42.122+08:00,True,259,25900,shard_025800_025899.json,17,1.076801,0
2026-08-08T08:33:42.152+08:00,True,266,26600,shard_026500_026599.json,17,1.076736,0
2026-08-08T08:34:42.181+08:00,True,272,27200,shard_027100_027199.json,17,1.075333,0
2026-08-08T08:35:42.212+08:00,True,272,27200,shard_027100_027199.json,17,1.076851,0
2026-08-08T08:36:42.240+08:00,True,272,27200,shard_027100_027199.json,17,1.076199,0
2026-08-08T08:37:42.273+08:00,True,272,27200,shard_027100_027199.json,17,1.076515,0
2026-08-08T08:38:42.303+08:00,True,272,27200,shard_027100_027199.json,17,1.076908,0
2026-08-08T08:39:42.334+08:00,True,272,27200,shard_027100_027199.json,17,1.074219,0
2026-08-08T08:40:42.364+08:00,True,272,27200,shard_027100_027199.json,17,1.076027,0
2026-08-08T08:41:42.397+08:00,True,272,27200,shard_027100_027199.json,17,1.077572,0
2026-08-08T08:42:42.428+08:00,True,272,27200,shard_027100_027199.json,17,1.074310,0
2026-08-08T08:43:42.455+08:00,True,272,27200,shard_027100_027199.json,17,1.073151,0
2026-08-08T08:44:42.482+08:00,True,272,27200,shard_027100_027199.json,17,1.076565,0
2026-08-08T08:45:42.513+08:00,True,272,27200,shard_027100_027199.json,17,1.075577,0
2026-08-08T08:46:42.542+08:00,True,272,27200,shard_027100_027199.json,17,1.073402,0
2026-08-08T08:47:42.570+08:00,True,272,27200,shard_027100_027199.json,17,1.076313,0
2026-08-08T08:48:42.602+08:00,True,272,27200,shard_027100_027199.json,17,1.075417,0
2026-08-08T08:49:42.631+08:00,True,272,27200,shard_027100_027199.json,17,1.075489,0
2026-08-08T08:50:42.658+08:00,True,272,27200,shard_027100_027199.json,17,1.078854,0
2026-08-08T08:51:42.685+08:00,True,272,27200,shard_027100_027199.json,17,1.076126,0
2026-08-08T08:52:42.719+08:00,True,272,27200,shard_027100_027199.json,17,1.075356,0
2026-08-08T08:53:42.744+08:00,True,272,27200,shard_027100_027199.json,17,1.079155,0
2026-08-08T08:54:42.770+08:00,True,272,27200,shard_027100_027199.json,17,1.076763,0
2026-08-08T08:55:42.800+08:00,True,272,27200,shard_027100_027199.json,17,1.075748,0
2026-08-08T08:56:42.831+08:00,True,278,27800,shard_027700_027799.json,17,1.078377,0
2026-08-08T08:57:42.861+08:00,True,283,28300,shard_028200_028299.json,17,1.076824,0
2026-08-08T08:58:42.893+08:00,True,288,28800,shard_028700_028799.json,17,1.073341,0
2026-08-08T08:59:42.915+08:00,True,288,28800,shard_028700_028799.json,17,1.076050,0
2026-08-08T09:00:42.942+08:00,True,288,28800,shard_028700_028799.json,17,1.078175,0
2026-08-08T09:01:42.967+08:00,True,288,28800,shard_028700_028799.json,17,1.072235,0
2026-08-08T09:02:43.001+08:00,True,288,28800,shard_028700_028799.json,17,1.075443,0
2026-08-08T09:03:43.028+08:00,True,288,28800,shard_028700_028799.json,17,1.074760,0
2026-08-08T09:04:43.057+08:00,True,288,28800,shard_028700_028799.json,17,1.069973,0
2026-08-08T09:05:43.087+08:00,True,288,28800,shard_028700_028799.json,17,1.075985,0
2026-08-08T09:06:43.117+08:00,True,288,28800,shard_028700_028799.json,17,1.075069,0
2026-08-08T09:07:43.143+08:00,True,288,28800,shard_028700_028799.json,17,1.074097,0
2026-08-08T09:08:43.168+08:00,True,288,28800,shard_028700_028799.json,17,1.075298,0
2026-08-08T09:09:43.194+08:00,True,288,28800,shard_028700_028799.json,17,1.079639,0
2026-08-08T09:10:43.221+08:00,True,288,28800,shard_028700_028799.json,17,1.074520,0
2026-08-08T09:11:43.247+08:00,True,288,28800,shard_028700_028799.json,17,1.074986,0
2026-08-08T09:12:43.272+08:00,True,288,28800,shard_028700_028799.json,17,1.074284,0
2026-08-08T09:13:43.304+08:00,True,288,28800,shard_028700_028799.json,17,1.068920,0
2026-08-08T09:14:43.333+08:00,True,288,28800,shard_028700_028799.json,17,1.074081,0
2026-08-08T09:15:43.365+08:00,True,288,28800,shard_028700_028799.json,17,1.072021,0
2026-08-08T09:16:43.391+08:00,True,288,28800,shard_028700_028799.json,17,1.072643,0
2026-08-08T09:17:43.417+08:00,True,288,28800,shard_028700_028799.json,17,1.072018,0
2026-08-08T09:18:43.449+08:00,True,288,28800,shard_028700_028799.json,17,1.071941,0
2026-08-08T09:19:43.476+08:00,True,291,29100,shard_029000_029099.json,17,1.069195,0
2026-08-08T09:20:43.503+08:00,True,294,29400,shard_029300_029399.json,17,1.072083,0
2026-08-08T09:21:43.530+08:00,True,300,30000,shard_029900_029999.json,17,1.070564,0
2026-08-08T09:22:43.557+08:00,True,303,30300,shard_030200_030299.json,17,1.072731,0
2026-08-08T09:23:43.585+08:00,True,304,30400,shard_030300_030399.json,17,1.072422,0
2026-08-08T09:24:43.613+08:00,True,304,30400,shard_030300_030399.json,17,1.071754,0
2026-08-08T09:25:43.644+08:00,True,304,30400,shard_030300_030399.json,17,1.073368,0
2026-08-08T09:26:43.670+08:00,True,304,30400,shard_030300_030399.json,17,1.072983,0
2026-08-08T09:27:43.694+08:00,True,304,30400,shard_030300_030399.json,17,1.069721,0
2026-08-08T09:28:43.727+08:00,True,304,30400,shard_030300_030399.json,17,1.073082,0
2026-08-08T09:29:43.755+08:00,True,304,30400,shard_030300_030399.json,17,1.070629,0
2026-08-08T09:30:43.788+08:00,True,304,30400,shard_030300_030399.json,17,1.072006,0
2026-08-08T09:31:43.818+08:00,True,304,30400,shard_030300_030399.json,17,1.072708,0
2026-08-08T09:32:43.841+08:00,True,304,30400,shard_030300_030399.json,17,1.072327,0
2026-08-08T09:33:43.865+08:00,True,304,30400,shard_030300_030399.json,17,1.068718,0
2026-08-08T09:34:43.896+08:00,True,304,30400,shard_030300_030399.json,17,1.072201,0
2026-08-08T09:35:43.921+08:00,True,304,30400,shard_030300_030399.json,17,1.071423,0
2026-08-08T09:36:43.948+08:00,True,304,30400,shard_030300_030399.json,17,1.072365,0
2026-08-08T09:37:43.974+08:00,True,304,30400,shard_030300_030399.json,17,1.076363,0
2026-08-08T09:38:43.999+08:00,True,304,30400,shard_030300_030399.json,17,1.070164,0
2026-08-08T09:39:44.026+08:00,True,304,30400,shard_030300_030399.json,17,1.068596,0
2026-08-08T09:40:44.056+08:00,True,304,30400,shard_030300_030399.json,17,1.071697,0
2026-08-08T09:41:44.081+08:00,True,304,30400,shard_030300_030399.json,17,1.072128,0
2026-08-08T09:42:44.108+08:00,True,304,30400,shard_030300_030399.json,17,1.074371,0
2026-08-08T09:43:44.136+08:00,True,306,30600,shard_030600_030699.json,17,1.073227,0
2026-08-08T09:44:44.160+08:00,True,310,31000,shard_030900_030999.json,17,1.073700,0
2026-08-08T09:45:44.189+08:00,True,315,31500,shard_031400_031499.json,17,1.072556,0
2026-08-08T09:46:44.218+08:00,True,318,31800,shard_031800_031899.json,17,1.076618,0
2026-08-08T09:47:44.247+08:00,True,320,32000,shard_031900_031999.json,17,1.077507,0
2026-08-08T09:48:44.282+08:00,True,320,32000,shard_031900_031999.json,17,1.077080,0
2026-08-08T09:49:44.314+08:00,True,320,32000,shard_031900_031999.json,17,1.065716,0
2026-08-08T09:50:44.349+08:00,True,320,32000,shard_031900_031999.json,17,1.068108,0
2026-08-08T09:51:44.386+08:00,True,320,32000,shard_031900_031999.json,17,1.061245,0
2026-08-08T09:52:44.418+08:00,True,320,32000,shard_031900_031999.json,17,1.056965,0
2026-08-08T09:53:44.454+08:00,True,320,32000,shard_031900_031999.json,17,1.055698,0
2026-08-08T09:54:44.482+08:00,True,320,32000,shard_031900_031999.json,17,1.054737,0
2026-08-08T09:55:44.502+08:00,True,320,32000,shard_031900_031999.json,17,1.055466,0
2026-08-08T09:56:44.531+08:00,True,320,32000,shard_031900_031999.json,17,1.051834,0
2026-08-08T09:57:44.554+08:00,True,320,32000,shard_031900_031999.json,17,1.053665,0
2026-08-08T09:58:44.579+08:00,True,320,32000,shard_031900_031999.json,17,1.053955,0
2026-08-08T09:59:44.608+08:00,True,320,32000,shard_031900_031999.json,17,1.053234,0
2026-08-08T10:00:44.641+08:00,True,320,32000,shard_031900_031999.json,17,1.056705,0
2026-08-08T10:01:44.668+08:00,True,320,32000,shard_031900_031999.json,17,1.057934,0
2026-08-08T10:02:44.696+08:00,True,320,32000,shard_031900_031999.json,17,1.055252,0
2026-08-08T10:03:44.724+08:00,True,320,32000,shard_031900_031999.json,17,1.057571,0
2026-08-08T10:04:44.749+08:00,True,320,32000,shard_031900_031999.json,17,1.057331,0
2026-08-08T10:05:44.783+08:00,True,320,32000,shard_031900_031999.json,17,1.057781,0
2026-08-08T10:06:44.807+08:00,True,321,32100,shard_032000_032099.json,17,1.057789,0
2026-08-08T10:07:44.832+08:00,True,323,32300,shard_032200_032299.json,17,1.061123,0
2026-08-08T10:08:44.861+08:00,True,328,32800,shard_032700_032799.json,17,1.063435,0
2026-08-08T10:09:44.892+08:00,True,332,33200,shard_033100_033199.json,17,1.065830,0
2026-08-08T10:10:44.921+08:00,True,335,33500,shard_033400_033499.json,17,1.063396,0
2026-08-08T10:11:44.948+08:00,True,336,33600,shard_033500_033599.json,17,1.065781,0
2026-08-08T10:12:44.973+08:00,True,336,33600,shard_033500_033599.json,17,1.065517,0
2026-08-08T10:13:45.003+08:00,True,336,33600,shard_033500_033599.json,17,1.065250,0
2026-08-08T10:14:45.029+08:00,True,336,33600,shard_033500_033599.json,17,1.066959,0
2026-08-08T10:15:45.059+08:00,True,336,33600,shard_033500_033599.json,17,1.063023,0
2026-08-08T10:16:45.090+08:00,True,336,33600,shard_033500_033599.json,17,1.067348,0
2026-08-08T10:17:45.117+08:00,True,336,33600,shard_033500_033599.json,17,1.065552,0
2026-08-08T10:18:45.146+08:00,True,336,33600,shard_033500_033599.json,17,1.063961,0
2026-08-08T10:19:45.177+08:00,True,336,33600,shard_033500_033599.json,17,1.065727,0
2026-08-08T10:20:45.206+08:00,True,336,33600,shard_033500_033599.json,17,1.059830,0
2026-08-08T10:21:45.242+08:00,True,336,33600,shard_033500_033599.json,17,1.055233,0
2026-08-08T10:22:45.273+08:00,True,336,33600,shard_033500_033599.json,17,1.056252,0
2026-08-08T10:23:45.301+08:00,True,336,33600,shard_033500_033599.json,17,1.052807,0
2026-08-08T10:24:45.328+08:00,True,336,33600,shard_033500_033599.json,17,1.053780,0
2026-08-08T10:25:45.354+08:00,True,336,33600,shard_033500_033599.json,17,1.054310,0
2026-08-08T10:26:45.383+08:00,True,336,33600,shard_033500_033599.json,17,1.054031,0
2026-08-08T10:27:45.412+08:00,True,336,33600,shard_033500_033599.json,17,1.055740,0
2026-08-08T10:28:45.442+08:00,True,336,33600,shard_033500_033599.json,17,1.057491,0
2026-08-08T10:29:45.472+08:00,True,336,33600,shard_033500_033599.json,17,1.057541,0
2026-08-08T10:30:45.501+08:00,True,337,33700,shard_033600_033699.json,17,1.055714,0
2026-08-08T10:31:45.525+08:00,True,337,33700,shard_033600_033699.json,17,1.054924,0
2026-08-08T10:32:45.553+08:00,True,341,34100,shard_034000_034099.json,17,1.059528,0
2026-08-08T10:33:45.578+08:00,True,346,34600,shard_034500_034599.json,17,1.066269,0
2026-08-08T10:34:45.603+08:00,True,349,34900,shard_034800_034899.json,17,1.066013,0
2026-08-08T10:35:45.634+08:00,True,351,35100,shard_035000_035099.json,17,1.068703,0
2026-08-08T10:36:45.665+08:00,True,352,35200,shard_035100_035199.json,17,1.066101,0
2026-08-08T10:37:45.698+08:00,True,352,35200,shard_035100_035199.json,17,1.064434,0
2026-08-08T10:38:45.721+08:00,True,352,35200,shard_035100_035199.json,17,1.068321,0
2026-08-08T10:39:45.753+08:00,True,352,35200,shard_035100_035199.json,17,1.060852,0
2026-08-08T10:40:45.781+08:00,True,352,35200,shard_035100_035199.json,17,1.067871,0
2026-08-08T10:41:45.812+08:00,True,352,35200,shard_035100_035199.json,17,1.064793,0
2026-08-08T10:42:45.847+08:00,True,352,35200,shard_035100_035199.json,17,1.065853,0
2026-08-08T10:43:45.871+08:00,True,352,35200,shard_035100_035199.json,17,1.055122,0
2026-08-08T10:44:45.896+08:00,True,352,35200,shard_035100_035199.json,17,1.054104,0
2026-08-08T10:45:45.923+08:00,True,352,35200,shard_035100_035199.json,17,1.056858,0
2026-08-08T10:46:45.951+08:00,True,352,35200,shard_035100_035199.json,17,1.054279,0
2026-08-08T10:47:45.986+08:00,True,352,35200,shard_035100_035199.json,17,1.057583,0
2026-08-08T10:48:46.019+08:00,True,352,35200,shard_035100_035199.json,17,1.056286,0
2026-08-08T10:49:46.048+08:00,True,352,35200,shard_035100_035199.json,17,1.058399,0
2026-08-08T10:50:46.079+08:00,True,352,35200,shard_035100_035199.json,17,1.059990,0
2026-08-08T10:51:46.112+08:00,True,352,35200,shard_035100_035199.json,17,1.054695,0
2026-08-08T10:52:46.142+08:00,True,352,35200,shard_035100_035199.json,17,1.058788,0
2026-08-08T10:53:46.169+08:00,True,352,35200,shard_035100_035199.json,17,1.055367,0
2026-08-08T10:54:46.200+08:00,True,352,35200,shard_035100_035199.json,17,1.059631,0
2026-08-08T10:55:46.229+08:00,True,353,35300,shard_035200_035299.json,17,1.060471,0
2026-08-08T10:56:46.257+08:00,True,353,35300,shard_035200_035299.json,17,1.058075,0
2026-08-08T10:57:46.288+08:00,True,356,35600,shard_035600_035699.json,17,1.059368,0
2026-08-08T10:58:46.317+08:00,True,362,36200,shard_036100_036199.json,17,1.064808,0
2026-08-08T10:59:46.346+08:00,True,365,36500,shard_036400_036499.json,17,1.064785,0
2026-08-08T11:00:46.371+08:00,True,368,36800,shard_036700_036799.json,17,1.069782,0
2026-08-08T11:01:46.402+08:00,True,368,36800,shard_036700_036799.json,17,1.067951,0
2026-08-08T11:02:46.432+08:00,True,368,36800,shard_036700_036799.json,17,1.069244,0
2026-08-08T11:03:46.465+08:00,True,368,36800,shard_036700_036799.json,17,1.067711,0
2026-08-08T11:04:46.492+08:00,True,368,36800,shard_036700_036799.json,17,1.071808,0
2026-08-08T11:05:46.522+08:00,True,368,36800,shard_036700_036799.json,17,1.068172,0
2026-08-08T11:06:46.554+08:00,True,368,36800,shard_036700_036799.json,17,1.066414,0
2026-08-08T11:07:46.579+08:00,True,368,36800,shard_036700_036799.json,17,1.067085,0
2026-08-08T11:08:46.607+08:00,True,368,36800,shard_036700_036799.json,17,1.065441,0
2026-08-08T11:09:46.639+08:00,True,368,36800,shard_036700_036799.json,17,1.068249,0
2026-08-08T11:10:46.669+08:00,True,368,36800,shard_036700_036799.json,17,1.069233,0
2026-08-08T11:11:46.704+08:00,True,368,36800,shard_036700_036799.json,17,1.068020,0
2026-08-08T11:12:46.737+08:00,True,368,36800,shard_036700_036799.json,17,1.069656,0
2026-08-08T11:13:46.767+08:00,True,368,36800,shard_036700_036799.json,17,1.068481,0
2026-08-08T11:14:46.793+08:00,True,368,36800,shard_036700_036799.json,17,1.069901,0
2026-08-08T11:15:46.825+08:00,True,368,36800,shard_036700_036799.json,17,1.068878,0
2026-08-08T11:16:46.854+08:00,True,368,36800,shard_036700_036799.json,17,1.072071,0
2026-08-08T11:17:46.883+08:00,True,368,36800,shard_036700_036799.json,17,1.067097,0
2026-08-08T11:18:46.913+08:00,True,368,36800,shard_036700_036799.json,17,1.069542,0
2026-08-08T11:19:46.942+08:00,True,369,36900,shard_036800_036899.json,17,1.064941,0
2026-08-08T11:20:46.972+08:00,True,369,36900,shard_036800_036899.json,17,1.069668,0
2026-08-08T11:21:47.003+08:00,True,370,37000,shard_036900_036999.json,17,1.070053,0
2026-08-08T11:22:47.034+08:00,True,376,37600,shard_037700_037799.json,17,1.071041,0
2026-08-08T11:23:47.062+08:00,True,379,37900,shard_037800_037899.json,17,1.069351,0
2026-08-08T11:24:47.086+08:00,True,381,38100,shard_038000_038099.json,17,1.072464,0
2026-08-08T11:25:47.115+08:00,True,384,38400,shard_038300_038399.json,17,1.072239,0
2026-08-08T11:26:47.140+08:00,True,384,38400,shard_038300_038399.json,17,1.071167,0
2026-08-08T11:27:47.169+08:00,True,384,38400,shard_038300_038399.json,17,1.071461,0
2026-08-08T11:28:47.200+08:00,True,384,38400,shard_038300_038399.json,17,1.066540,0
2026-08-08T11:29:47.229+08:00,True,384,38400,shard_038300_038399.json,17,1.065075,0
2026-08-08T11:30:47.256+08:00,True,384,38400,shard_038300_038399.json,17,1.073063,0
2026-08-08T11:31:47.284+08:00,True,384,38400,shard_038300_038399.json,17,1.070442,0
2026-08-08T11:32:47.315+08:00,True,384,38400,shard_038300_038399.json,17,1.069485,0
2026-08-08T11:33:47.345+08:00,True,384,38400,shard_038300_038399.json,17,1.070305,0
2026-08-08T11:34:47.377+08:00,True,384,38400,shard_038300_038399.json,17,1.073254,0
2026-08-08T11:35:47.404+08:00,True,384,38400,shard_038300_038399.json,17,1.071735,0
2026-08-08T11:36:47.437+08:00,True,384,38400,shard_038300_038399.json,17,1.069057,0
2026-08-08T11:37:47.462+08:00,True,384,38400,shard_038300_038399.json,17,1.067703,0
2026-08-08T11:38:47.489+08:00,True,384,38400,shard_038300_038399.json,17,1.070286,0
2026-08-08T11:39:47.516+08:00,True,384,38400,shard_038300_038399.json,17,1.069801,0
2026-08-08T11:40:47.543+08:00,True,384,38400,shard_038300_038399.json,17,1.069397,0
2026-08-08T11:41:47.581+08:00,True,384,38400,shard_038300_038399.json,17,1.069538,0
2026-08-08T11:42:47.612+08:00,True,384,38400,shard_038300_038399.json,17,1.063858,0
2026-08-08T11:43:47.641+08:00,True,384,38400,shard_038300_038399.json,17,1.063690,0
2026-08-08T11:44:47.670+08:00,True,385,38500,shard_038400_038499.json,17,1.064083,0
2026-08-08T11:45:47.696+08:00,True,385,38500,shard_038400_038499.json,17,1.064217,0
2026-08-08T11:46:47.722+08:00,True,386,38600,shard_038500_038599.json,17,1.061172,0
2026-08-08T11:47:47.754+08:00,True,389,38900,shard_038800_038899.json,17,1.062531,0
2026-08-08T11:48:47.805+08:00,True,396,39600,shard_039500_039599.json,17,1.066650,0
2026-08-08T11:49:47.841+08:00,True,397,39700,shard_039600_039699.json,17,1.057713,0
2026-08-08T11:50:47.929+08:00,True,397,39700,shard_039600_039699.json,17,1.062252,0
2026-08-08T11:51:48.025+08:00,True,400,40000,shard_039900_039999.json,17,1.053349,0
2026-08-08T11:52:48.087+08:00,True,400,40000,shard_039900_039999.json,17,1.054031,0
2026-08-08T11:53:48.145+08:00,True,400,40000,shard_039900_039999.json,17,1.056225,0
2026-08-08T11:54:48.178+08:00,True,400,40000,shard_039900_039999.json,17,1.057953,0
2026-08-08T11:55:48.210+08:00,True,400,40000,shard_039900_039999.json,17,1.055794,0
2026-08-08T11:56:48.240+08:00,True,400,40000,shard_039900_039999.json,17,1.059692,0
2026-08-08T11:57:48.273+08:00,True,400,40000,shard_039900_039999.json,17,1.053741,0
2026-08-08T11:58:48.303+08:00,True,400,40000,shard_039900_039999.json,17,1.058815,0
2026-08-08T11:59:48.333+08:00,True,400,40000,shard_039900_039999.json,17,1.056049,0
2026-08-08T12:00:48.360+08:00,True,400,40000,shard_039900_039999.json,17,1.058609,0
2026-08-08T12:01:48.391+08:00,True,400,40000,shard_039900_039999.json,17,1.055668,0
2026-08-08T12:02:48.420+08:00,True,400,40000,shard_039900_039999.json,17,1.061394,0
2026-08-08T12:03:48.453+08:00,True,400,40000,shard_039900_039999.json,17,1.059330,0
2026-08-08T12:04:48.483+08:00,True,400,40000,shard_039900_039999.json,17,1.055336,0
2026-08-08T12:05:48.515+08:00,True,400,40000,shard_039900_039999.json,17,1.061691,0
2026-08-08T12:06:48.547+08:00,True,400,40000,shard_039900_039999.json,17,1.061699,0
2026-08-08T12:07:48.577+08:00,True,400,40000,shard_039900_039999.json,17,1.059002,0
2026-08-08T12:08:48.662+08:00,True,400,40000,shard_039900_039999.json,17,1.056541,0
2026-08-08T12:09:48.693+08:00,True,400,40000,shard_039900_039999.json,17,1.059898,0
2026-08-08T12:10:48.728+08:00,True,401,40100,shard_040000_040099.json,17,1.061913,0
2026-08-08T12:11:48.752+08:00,True,401,40100,shard_040000_040099.json,17,1.062420,0
2026-08-08T12:12:48.786+08:00,True,404,40400,shard_040300_040399.json,17,1.064552,0
2026-08-08T12:13:48.860+08:00,True,407,40700,shard_040600_040699.json,17,1.063572,0
2026-08-08T12:14:48.887+08:00,True,413,41300,shard_041200_041299.json,17,1.070873,0
2026-08-08T12:15:48.912+08:00,True,416,41600,shard_041500_041599.json,17,1.066788,0
2026-08-08T12:16:48.941+08:00,True,416,41600,shard_041500_041599.json,17,1.067135,0
2026-08-08T12:17:48.973+08:00,True,416,41600,shard_041500_041599.json,17,1.067074,0
2026-08-08T12:18:48.995+08:00,True,416,41600,shard_041500_041599.json,17,1.071194,0
2026-08-08T12:19:49.027+08:00,True,416,41600,shard_041500_041599.json,17,1.070766,0
2026-08-08T12:20:49.059+08:00,True,416,41600,shard_041500_041599.json,17,1.071091,0
2026-08-08T12:21:49.098+08:00,True,416,41600,shard_041500_041599.json,17,1.069378,0
2026-08-08T12:22:49.135+08:00,True,416,41600,shard_041500_041599.json,17,1.070347,0
2026-08-08T12:23:49.168+08:00,True,416,41600,shard_041500_041599.json,17,1.066334,0
2026-08-08T12:24:49.195+08:00,True,416,41600,shard_041500_041599.json,17,1.072853,0
2026-08-08T12:25:49.229+08:00,True,416,41600,shard_041500_041599.json,17,1.071491,0
2026-08-08T12:26:49.259+08:00,True,416,41600,shard_041500_041599.json,17,1.073650,0
2026-08-08T12:27:49.292+08:00,True,416,41600,shard_041500_041599.json,17,1.064503,0
2026-08-08T12:28:49.324+08:00,True,416,41600,shard_041500_041599.json,17,1.057457,0
2026-08-08T12:29:49.353+08:00,True,416,41600,shard_041500_041599.json,17,1.052074,0
2026-08-08T12:30:49.387+08:00,True,416,41600,shard_041500_041599.json,17,1.055767,0
2026-08-08T12:31:49.414+08:00,True,416,41600,shard_041500_041599.json,17,1.052971,0
2026-08-08T12:32:49.444+08:00,True,416,41600,shard_041500_041599.json,17,1.055241,0
2026-08-08T12:33:49.474+08:00,True,416,41600,shard_041500_041599.json,17,1.057659,0
2026-08-08T12:34:49.505+08:00,True,416,41600,shard_041500_041599.json,17,1.054489,0
2026-08-08T12:35:49.536+08:00,True,417,41700,shard_041600_041699.json,17,1.055904,0
2026-08-08T12:36:49.563+08:00,True,419,41900,shard_041800_041899.json,17,1.062527,0
2026-08-08T12:37:49.597+08:00,True,422,42200,shard_042100_042199.json,17,1.060116,0
2026-08-08T12:38:49.626+08:00,True,425,42500,shard_042600_042699.json,17,1.059177,0
2026-08-08T12:39:49.659+08:00,True,429,42900,shard_042800_042899.json,17,1.064812,0
2026-08-08T12:40:49.688+08:00,True,432,43200,shard_043100_043199.json,17,1.066429,0
2026-08-08T12:41:49.717+08:00,True,432,43200,shard_043100_043199.json,17,1.064754,0
2026-08-08T12:42:49.743+08:00,True,432,43200,shard_043100_043199.json,17,1.067852,0
2026-08-08T12:43:49.775+08:00,True,432,43200,shard_043100_043199.json,17,1.062813,0
2026-08-08T12:44:49.807+08:00,True,432,43200,shard_043100_043199.json,17,1.067730,0
2026-08-08T12:45:49.840+08:00,True,432,43200,shard_043100_043199.json,17,1.070522,0
2026-08-08T12:46:49.867+08:00,True,432,43200,shard_043100_043199.json,17,1.067440,0
2026-08-08T12:47:49.902+08:00,True,432,43200,shard_043100_043199.json,17,1.069515,0
2026-08-08T12:48:49.935+08:00,True,432,43200,shard_043100_043199.json,17,1.072224,0
2026-08-08T12:49:49.964+08:00,True,432,43200,shard_043100_043199.json,17,1.065910,0
2026-08-08T12:50:49.992+08:00,True,432,43200,shard_043100_043199.json,17,1.067093,0
2026-08-08T12:51:50.023+08:00,True,432,43200,shard_043100_043199.json,17,1.068146,0
2026-08-08T12:52:50.063+08:00,True,432,43200,shard_043100_043199.json,17,1.070465,0
2026-08-08T12:53:50.085+08:00,True,432,43200,shard_043100_043199.json,17,1.066734,0
2026-08-08T12:54:50.111+08:00,True,432,43200,shard_043100_043199.json,17,1.065025,0
2026-08-08T12:55:50.138+08:00,True,432,43200,shard_043100_043199.json,17,1.063187,0
2026-08-08T12:56:50.168+08:00,True,432,43200,shard_043100_043199.json,17,1.063316,0
2026-08-08T12:57:50.203+08:00,True,432,43200,shard_043100_043199.json,17,1.067196,0
2026-08-08T12:58:50.233+08:00,True,432,43200,shard_043100_043199.json,17,1.066395,0
2026-08-08T12:59:50.259+08:00,True,433,43300,shard_043200_043299.json,17,1.069122,0
2026-08-08T13:00:50.283+08:00,True,435,43500,shard_043400_043499.json,17,1.067333,0
2026-08-08T13:01:50.310+08:00,True,440,44000,shard_044000_044099.json,17,1.066460,0
2026-08-08T13:02:50.346+08:00,True,445,44500,shard_044400_044499.json,17,1.071201,0
2026-08-08T13:03:50.378+08:00,True,447,44700,shard_044600_044699.json,17,1.070896,0
2026-08-08T13:04:50.407+08:00,True,448,44800,shard_044700_044799.json,17,1.074532,0
2026-08-08T13:05:50.437+08:00,True,448,44800,shard_044700_044799.json,17,1.069931,0
2026-08-08T13:06:50.467+08:00,True,448,44800,shard_044700_044799.json,17,1.072025,0
2026-08-08T13:07:50.503+08:00,True,448,44800,shard_044700_044799.json,17,1.071434,0
2026-08-08T13:08:50.545+08:00,True,448,44800,shard_044700_044799.json,17,1.074825,0
2026-08-08T13:09:50.578+08:00,True,448,44800,shard_044700_044799.json,17,1.072685,0
2026-08-08T13:10:50.610+08:00,True,448,44800,shard_044700_044799.json,17,1.070698,0
2026-08-08T13:11:50.643+08:00,True,448,44800,shard_044700_044799.json,17,1.071468,0
2026-08-08T13:12:50.673+08:00,True,448,44800,shard_044700_044799.json,17,1.073086,0
2026-08-08T13:13:50.704+08:00,True,448,44800,shard_044700_044799.json,17,1.072773,0
2026-08-08T13:14:50.729+08:00,True,448,44800,shard_044700_044799.json,17,1.073563,0
2026-08-08T13:15:50.758+08:00,True,448,44800,shard_044700_044799.json,17,1.072086,0
2026-08-08T13:16:50.788+08:00,True,448,44800,shard_044700_044799.json,17,1.071400,0
2026-08-08T13:17:50.821+08:00,True,448,44800,shard_044700_044799.json,17,1.072529,0
2026-08-08T13:18:50.853+08:00,True,448,44800,shard_044700_044799.json,17,1.071968,0
2026-08-08T13:19:50.888+08:00,True,448,44800,shard_044700_044799.json,17,1.070045,0
2026-08-08T13:20:50.920+08:00,True,448,44800,shard_044700_044799.json,17,1.067955,0
2026-08-08T13:21:50.955+08:00,True,448,44800,shard_044700_044799.json,17,1.071350,0
2026-08-08T13:22:50.984+08:00,True,449,44900,shard_044800_044899.json,17,1.072269,0
2026-08-08T13:23:51.019+08:00,True,451,45100,shard_045000_045099.json,17,1.069191,0
2026-08-08T13:24:51.056+08:00,True,455,45500,shard_045600_045699.json,17,1.069309,0
2026-08-08T13:25:51.092+08:00,True,457,45700,shard_045600_045699.json,17,1.072498,0
2026-08-08T13:26:51.155+08:00,True,461,46100,shard_046000_046099.json,17,1.066257,0
2026-08-08T13:27:51.198+08:00,True,463,46300,shard_046200_046299.json,17,1.063503,0
2026-08-08T13:28:51.241+08:00,True,464,46400,shard_046300_046399.json,17,1.065079,0
2026-08-08T13:29:51.289+08:00,True,464,46400,shard_046300_046399.json,17,1.062664,0
2026-08-08T13:30:51.337+08:00,True,464,46400,shard_046300_046399.json,17,1.058235,0
2026-08-08T13:31:51.371+08:00,True,464,46400,shard_046300_046399.json,17,1.060436,0
2026-08-08T13:32:51.405+08:00,True,464,46400,shard_046300_046399.json,17,1.057610,0
2026-08-08T13:33:51.434+08:00,True,464,46400,shard_046300_046399.json,17,1.056335,0
2026-08-08T13:34:51.490+08:00,True,464,46400,shard_046300_046399.json,17,1.055000,0
2026-08-08T13:35:51.520+08:00,True,464,46400,shard_046300_046399.json,17,1.058273,0
2026-08-08T13:36:51.554+08:00,True,464,46400,shard_046300_046399.json,17,1.059250,0
2026-08-08T13:37:51.590+08:00,True,464,46400,shard_046300_046399.json,17,1.057137,0
2026-08-08T13:38:51.622+08:00,True,464,46400,shard_046300_046399.json,17,1.056351,0
2026-08-08T13:39:51.658+08:00,True,464,46400,shard_046300_046399.json,17,1.059143,0
2026-08-08T13:40:51.692+08:00,True,464,46400,shard_046300_046399.json,17,1.059971,0
2026-08-08T13:41:51.723+08:00,True,464,46400,shard_046300_046399.json,17,1.056839,0
2026-08-08T13:42:51.757+08:00,True,464,46400,shard_046300_046399.json,17,1.059322,0
2026-08-08T13:43:51.791+08:00,True,464,46400,shard_046300_046399.json,17,1.059002,0
2026-08-08T13:44:51.822+08:00,True,464,46400,shard_046300_046399.json,17,1.057739,0
2026-08-08T13:45:51.851+08:00,True,464,46400,shard_046300_046399.json,17,1.060516,0
2026-08-08T13:46:51.888+08:00,True,464,46400,shard_046300_046399.json,17,1.057381,0
2026-08-08T13:47:51.927+08:00,True,464,46400,shard_046300_046399.json,17,1.058487,0
2026-08-08T13:48:51.958+08:00,True,464,46400,shard_046300_046399.json,17,1.058636,0
2026-08-08T13:49:52.004+08:00,True,464,46400,shard_046300_046399.json,17,1.057716,0
2026-08-08T13:50:52.038+08:00,True,464,46400,shard_046300_046399.json,17,1.056892,0
2026-08-08T13:51:52.080+08:00,True,466,46600,shard_046500_046599.json,17,1.057354,0
2026-08-08T13:52:52.119+08:00,True,467,46700,shard_046600_046699.json,17,1.055481,0
2026-08-08T13:53:52.169+08:00,True,472,47200,shard_047100_047199.json,17,1.063026,0
2026-08-08T13:54:52.204+08:00,True,473,47300,shard_047200_047299.json,17,1.060085,0
2026-08-08T13:55:52.238+08:00,True,477,47700,shard_047600_047699.json,17,1.064777,0
2026-08-08T13:56:52.269+08:00,True,479,47900,shard_047800_047899.json,17,1.065380,0
2026-08-08T13:57:52.308+08:00,True,480,48000,shard_047900_047999.json,17,1.062428,0
2026-08-08T13:58:52.347+08:00,True,480,48000,shard_047900_047999.json,17,1.060364,0
2026-08-08T13:59:52.389+08:00,True,480,48000,shard_047900_047999.json,17,1.056240,0
2026-08-08T14:00:52.428+08:00,True,480,48000,shard_047900_047999.json,17,1.055576,0
2026-08-08T14:01:52.463+08:00,True,480,48000,shard_047900_047999.json,17,1.054531,0
2026-08-08T14:02:52.497+08:00,True,480,48000,shard_047900_047999.json,17,1.061417,0
2026-08-08T14:03:52.535+08:00,True,480,48000,shard_047900_047999.json,17,1.061008,0
2026-08-08T14:04:52.567+08:00,True,480,48000,shard_047900_047999.json,17,1.057922,0
2026-08-08T14:05:52.597+08:00,True,480,48000,shard_047900_047999.json,17,1.060730,0
2026-08-08T14:06:52.630+08:00,True,480,48000,shard_047900_047999.json,17,1.061317,0
2026-08-08T14:07:52.666+08:00,True,480,48000,shard_047900_047999.json,17,1.058731,0
2026-08-08T14:08:52.698+08:00,True,480,48000,shard_047900_047999.json,17,1.059822,0
2026-08-08T14:09:52.730+08:00,True,480,48000,shard_047900_047999.json,17,1.061100,0
2026-08-08T14:10:52.764+08:00,True,480,48000,shard_047900_047999.json,17,1.061073,0
2026-08-08T14:11:52.798+08:00,True,480,48000,shard_047900_047999.json,17,1.055897,0
2026-08-08T14:12:52.839+08:00,True,480,48000,shard_047900_047999.json,17,1.058681,0
2026-08-08T14:13:52.873+08:00,True,480,48000,shard_047900_047999.json,17,1.060829,0
2026-08-08T14:14:52.908+08:00,True,480,48000,shard_047900_047999.json,17,1.058456,0
2026-08-08T14:15:52.939+08:00,True,480,48000,shard_047900_047999.json,17,1.058281,0
2026-08-08T14:16:52.972+08:00,True,480,48000,shard_047900_047999.json,17,1.060219,0
2026-08-08T14:17:53.007+08:00,True,480,48000,shard_047900_047999.json,17,1.060150,0
2026-08-08T14:18:53.043+08:00,True,480,48000,shard_047900_047999.json,17,1.055500,0
2026-08-08T14:19:53.082+08:00,True,481,48100,shard_048000_048099.json,17,1.061607,0
2026-08-08T14:20:53.114+08:00,True,483,48300,shard_048200_048299.json,17,1.062340,0
2026-08-08T14:21:53.150+08:00,True,486,48600,shard_048600_048699.json,17,1.060970,0
2026-08-08T14:22:53.175+08:00,True,490,49000,shard_049000_049099.json,17,1.057980,0
2026-08-08T14:23:53.204+08:00,True,493,49300,shard_049200_049299.json,17,1.058002,0
2026-08-08T14:24:53.229+08:00,True,496,49600,shard_049500_049599.json,17,1.058384,0
2026-08-08T14:25:53.250+08:00,True,496,49600,shard_049500_049599.json,17,1.059113,0
2026-08-08T14:26:53.271+08:00,True,496,49600,shard_049500_049599.json,17,1.059551,0
2026-08-08T14:27:53.297+08:00,True,496,49600,shard_049500_049599.json,17,1.059692,0
2026-08-08T14:28:53.318+08:00,True,496,49600,shard_049500_049599.json,17,1.057343,0
2026-08-08T14:29:53.346+08:00,True,496,49600,shard_049500_049599.json,17,1.058762,0
2026-08-08T14:30:53.367+08:00,True,496,49600,shard_049500_049599.json,17,1.058144,0
2026-08-08T14:31:53.392+08:00,True,496,49600,shard_049500_049599.json,17,1.059978,0
2026-08-08T14:32:53.414+08:00,True,496,49600,shard_049500_049599.json,17,1.056446,0
2026-08-08T14:33:53.435+08:00,True,496,49600,shard_049500_049599.json,17,1.054729,0
2026-08-08T14:34:53.458+08:00,True,496,49600,shard_049500_049599.json,17,1.056881,0
2026-08-08T14:35:53.483+08:00,True,497,49700,shard_049600_049699.json,17,1.055862,0
2026-08-08T14:36:53.505+08:00,True,499,49900,shard_049800_049899.json,17,1.055511,0
2026-08-08T14:37:53.531+08:00,True,500,50000,shard_049900_049999.json,1,0.001675,0
2026-08-08T14:38:53.549+08:00,True,500,50000,shard_049900_049999.json,1,0.001709,0
2026-08-08T14:39:53.567+08:00,True,500,50000,shard_049900_049999.json,1,0.001709,0
2026-08-08T14:40:53.584+08:00,True,500,50000,shard_049900_049999.json,1,0.001709,0
2026-08-08T14:41:53.603+08:00,True,500,50000,shard_049900_049999.json,1,0.001709,0
2026-08-08T14:42:53.619+08:00,True,500,50000,shard_049900_049999.json,1,0.001709,0
2026-08-08T14:43:53.641+08:00,True,500,50000,shard_049900_049999.json,1,0.001709,0
2026-08-08T14:44:53.665+08:00,True,500,50000,shard_049900_049999.json,1,0.001709,0
2026-08-08T14:45:53.684+08:00,True,500,50000,shard_049900_049999.json,1,0.001709,0
2026-08-08T14:46:53.705+08:00,True,500,50000,shard_049900_049999.json,1,0.001709,0
2026-08-08T14:47:53.726+08:00,True,500,50000,shard_049900_049999.json,1,0.001709,0
2026-08-08T14:48:53.744+08:00,True,500,50000,shard_049900_049999.json,1,0.001709,0
2026-08-08T14:49:53.761+08:00,True,500,50000,shard_049900_049999.json,1,0.001709,0
2026-08-08T14:50:53.780+08:00,True,500,50000,shard_049900_049999.json,1,0.001709,0
2026-08-08T14:51:53.797+08:00,True,500,50000,shard_049900_049999.json,1,0.001701,0
2026-08-08T14:52:53.815+08:00,True,500,50000,shard_049900_049999.json,1,0.001701,0
2026-08-08T14:53:53.833+08:00,True,500,50000,shard_049900_049999.json,1,0.001701,0
2026-08-08T14:54:53.869+08:00,True,500,50000,shard_049900_049999.json,1,0.001701,0
2026-08-08T14:55:53.874+08:00,False,500,50000,shard_049900_049999.json,0,0.000000,0
